concurrency,request_index,status_code,client_latency_ms,server_decision_latency_ms,decision
1,0,200,23.4239,10.3044,approve
1,1,200,21.2235,13.6118,approve
1,2,200,18.4639,12.0423,approve
1,3,200,14.9966,9.5152,approve
1,4,200,18.2732,12.3233,approve
1,5,200,17.4661,11.1962,approve
1,6,200,42.674,13.837,approve
1,7,200,16.521,10.7494,approve
1,8,200,14.3649,8.2691,approve
1,9,200,15.1269,8.3659,approve
1,10,200,15.9487,9.282,approve
1,11,200,14.0834,8.4878,approve
1,12,200,15.4748,7.9434,approve
1,13,200,14.9959,9.2051,approve
1,14,200,15.3189,9.7237,approve
1,15,200,15.8997,10.294,approve
1,16,200,16.8615,11.1474,approve
1,17,200,16.8258,9.8904,approve
1,18,200,15.8428,10.2273,approve
1,19,200,15.2304,9.9713,approve
1,20,200,16.3861,9.5985,approve
1,21,200,17.0794,10.4007,approve
1,22,200,22.1553,12.3447,approve
1,23,200,19.3918,12.4448,approve
1,24,200,25.7735,19.2629,approve
1,25,200,22.3235,15.699,approve
1,26,200,16.7051,10.3849,approve
1,27,200,17.1372,9.822,approve
1,28,200,16.4209,9.9643,approve
1,29,200,18.8772,11.4451,approve
1,30,200,16.7657,9.2889,approve
1,31,200,20.9269,13.1818,approve
1,32,200,20.3507,14.0376,approve
1,33,200,19.4262,13.0093,approve
1,34,200,21.2257,11.7799,approve
1,35,200,17.1968,10.3082,approve
1,36,200,17.7272,10.2582,approve
1,37,200,16.1855,8.6075,approve
1,38,200,16.7477,9.7905,approve
1,39,200,16.5001,9.1364,approve
1,40,200,16.5435,9.5086,approve
1,41,200,14.8729,8.8488,approve
1,42,200,16.8576,9.5514,approve
1,43,200,16.5709,9.689,approve
1,44,200,16.3709,10.0772,approve
1,45,200,17.0557,10.415,approve
1,46,200,16.4503,9.9308,approve
1,47,200,16.8816,9.4121,approve
1,48,200,15.4953,8.8828,approve
1,49,200,15.5864,9.2371,approve
1,50,200,16.0363,9.4133,approve
1,51,200,15.8217,9.1973,approve
1,52,200,15.3045,9.2006,approve
1,53,200,15.6783,8.7456,approve
1,54,200,13.2968,7.8223,approve
1,55,200,12.539,7.5778,approve
1,56,200,12.6792,8.0199,approve
1,57,200,11.9664,7.3037,approve
1,58,200,13.4183,7.2236,approve
1,59,200,13.1064,8.0917,approve
1,60,200,12.7057,7.8701,approve
1,61,200,12.2852,7.3622,approve
1,62,200,13.4683,7.9499,approve
1,63,200,12.309,7.4747,approve
1,64,200,13.4054,7.5709,approve
1,65,200,12.6048,7.7676,approve
1,66,200,12.6423,7.4555,approve
1,67,200,12.4075,7.3765,approve
1,68,200,14.7615,8.5671,approve
1,69,200,12.5687,7.9079,approve
1,70,200,11.8333,7.3588,approve
1,71,200,14.7135,9.0918,approve
1,72,200,13.9296,8.0302,approve
1,73,200,14.0441,7.9826,approve
1,74,200,12.4546,7.8514,approve
1,75,200,12.899,7.6674,approve
1,76,200,12.9577,7.9949,approve
1,77,200,12.6245,7.4957,approve
1,78,200,12.7838,7.8158,approve
1,79,200,13.4276,7.4896,approve
1,80,200,11.4159,7.0326,approve
1,81,200,12.3107,7.2989,approve
1,82,200,12.8514,7.8959,approve
1,83,200,11.9526,7.1817,approve
1,84,200,12.4673,7.2504,approve
1,85,200,15.2685,8.9942,approve
1,86,200,12.7833,7.5405,approve
1,87,200,13.31,7.3359,approve
1,88,200,12.2554,7.519,approve
1,89,200,12.1986,7.4214,approve
1,90,200,12.2399,7.2801,approve
1,91,200,12.8812,7.9646,approve
1,92,200,13.4958,7.769,approve
1,93,200,14.2186,7.5713,approve
1,94,200,12.6347,7.7345,approve
1,95,200,12.9926,7.9219,approve
1,96,200,14.6244,8.0439,approve
1,97,200,12.3438,7.3349,approve
1,98,200,11.8277,7.2795,approve
1,99,200,11.9731,7.0586,approve
1,100,200,12.4566,7.6414,approve
1,101,200,11.7284,7.1555,approve
1,102,200,13.7241,7.7604,approve
1,103,200,12.997,7.7759,approve
1,104,200,12.8516,7.8364,approve
1,105,200,11.777,7.1803,approve
1,106,200,12.3316,7.1748,approve
1,107,200,12.1752,7.4596,approve
1,108,200,13.4758,7.6247,approve
1,109,200,12.2066,7.3939,approve
1,110,200,11.9019,7.2877,approve
1,111,200,11.9712,7.1429,approve
1,112,200,12.8601,7.5502,approve
1,113,200,12.8712,7.7065,approve
1,114,200,14.1168,8.2429,approve
1,115,200,12.3541,7.5549,approve
1,116,200,11.8879,7.1876,approve
1,117,200,11.9268,7.3362,approve
1,118,200,12.3927,7.6327,approve
1,119,200,13.2943,7.7547,approve
1,120,200,11.5505,7.1884,approve
1,121,200,11.8035,7.0786,approve
1,122,200,12.7911,7.589,approve
1,123,200,12.2627,7.3566,approve
1,124,200,12.2815,7.4917,approve
1,125,200,12.8546,7.1893,approve
1,126,200,11.5994,7.0857,approve
1,127,200,11.5121,7.2367,approve
1,128,200,11.7759,7.4149,approve
1,129,200,11.5252,7.1371,approve
1,130,200,12.1174,7.2494,approve
1,131,200,14.8377,8.1377,approve
1,132,200,11.9026,7.2262,approve
1,133,200,12.1235,7.375,approve
1,134,200,12.2044,7.3717,approve
1,135,200,11.9484,7.5925,approve
1,136,200,13.16,7.3992,approve
1,137,200,11.8613,7.2087,approve
1,138,200,18.0479,8.2502,approve
1,139,200,15.7356,8.2135,approve
1,140,200,12.7967,7.731,approve
1,141,200,12.2447,7.3817,approve
1,142,200,11.6849,7.2677,approve
1,143,200,12.997,7.1497,approve
1,144,200,12.9286,7.525,approve
1,145,200,12.7383,7.7132,approve
1,146,200,12.2716,7.5194,approve
1,147,200,11.9669,7.3724,approve
1,148,200,11.8613,7.3345,approve
1,149,200,13.8205,7.7361,approve
1,150,200,13.4745,8.0643,approve
1,151,200,12.573,7.7367,approve
1,152,200,11.8108,7.3245,approve
1,153,200,11.9642,7.0792,approve
1,154,200,11.7833,7.2706,approve
1,155,200,13.8089,7.6603,approve
1,156,200,12.9399,7.8372,approve
1,157,200,12.107,7.3023,approve
1,158,200,11.8644,7.3155,approve
1,159,200,11.3749,7.0477,approve
1,160,200,11.4912,7.1613,approve
1,161,200,12.7738,7.1911,approve
1,162,200,11.6103,7.3622,approve
1,163,200,12.4305,7.6104,approve
1,164,200,12.241,7.379,approve
1,165,200,12.1405,7.4559,approve
1,166,200,11.5651,7.1104,approve
1,167,200,13.2395,7.0873,approve
1,168,200,11.4763,7.0048,approve
1,169,200,11.6303,7.2062,approve
1,170,200,11.7725,6.8829,approve
1,171,200,11.8041,7.2488,approve
1,172,200,13.7745,7.8843,approve
1,173,200,12.8229,7.8713,approve
1,174,200,12.4116,7.3038,approve
1,175,200,12.4058,7.5779,approve
1,176,200,11.4766,7.1077,approve
1,177,200,13.9113,8.8465,approve
1,178,200,12.9483,7.3304,approve
1,179,200,11.8877,7.1263,approve
1,180,200,12.5392,7.2726,approve
1,181,200,12.5238,7.5562,approve
1,182,200,14.3557,7.9242,approve
1,183,200,13.2183,8.022,approve
1,184,200,12.4531,7.6643,approve
1,185,200,12.6027,7.6531,approve
1,186,200,12.5303,7.6953,approve
1,187,200,12.5966,7.5169,approve
1,188,200,13.6249,7.8798,approve
1,189,200,14.2904,8.5509,approve
1,190,200,15.3737,8.4742,approve
1,191,200,14.0346,8.5731,approve
1,192,200,14.861,9.1147,approve
1,193,200,14.8851,9.3799,approve
1,194,200,14.5455,8.9766,approve
1,195,200,16.1728,9.0981,approve
1,196,200,14.4296,8.5078,approve
1,197,200,15.3941,9.3753,approve
1,198,200,14.6863,9.0326,approve
1,199,200,13.35,8.0043,approve
1,200,200,14.951,8.4076,approve
1,201,200,13.912,8.322,approve
1,202,200,15.1088,9.4757,approve
1,203,200,14.7968,9.4218,approve
1,204,200,15.3175,9.7917,approve
1,205,200,13.6163,8.2213,approve
1,206,200,14.8486,8.2242,approve
1,207,200,13.604,8.0283,approve
1,208,200,13.8062,8.2787,approve
1,209,200,15.2656,9.3958,approve
1,210,200,17.5485,9.848,approve
1,211,200,16.5008,10.5043,approve
1,212,200,15.2684,9.3402,approve
1,213,200,16.1487,10.3375,approve
1,214,200,16.3062,9.2207,approve
1,215,200,16.4331,10.2652,approve
1,216,200,16.7424,10.6068,approve
1,217,200,15.9211,10.0678,approve
1,218,200,17.8476,10.8333,approve
1,219,200,15.0722,9.5317,approve
1,220,200,15.2506,9.7293,approve
1,221,200,15.1777,9.5291,approve
1,222,200,15.5046,9.5874,approve
1,223,200,15.2729,8.4802,approve
1,224,200,14.4827,8.7824,approve
1,225,200,14.5443,9.1667,approve
1,226,200,15.0775,9.6243,approve
1,227,200,15.9179,9.1521,approve
1,228,200,15.1491,9.3639,approve
1,229,200,15.0523,9.1318,approve
1,230,200,15.0067,8.9596,approve
1,231,200,15.5798,9.5629,approve
1,232,200,17.3412,10.0631,approve
1,233,200,14.8082,9.0042,approve
1,234,200,17.2268,10.5187,approve
1,235,200,16.9752,10.8373,approve
1,236,200,15.3939,9.0595,approve
1,237,200,15.5596,8.346,approve
1,238,200,14.1561,8.4624,approve
1,239,200,13.9689,8.0873,approve
1,240,200,15.3028,9.161,approve
1,241,200,14.661,9.1216,approve
1,242,200,14.9781,9.2588,approve
1,243,200,15.3231,8.6317,approve
1,244,200,14.2149,8.5764,approve
1,245,200,13.2904,8.1227,approve
1,246,200,13.3847,7.9849,approve
1,247,200,13.7439,7.7968,approve
1,248,200,14.3924,8.884,approve
1,249,200,15.3107,9.4401,approve
1,250,200,14.6179,9.0502,approve
1,251,200,13.587,8.1495,approve
1,252,200,15.8973,8.7741,approve
1,253,200,16.461,10.4653,approve
1,254,200,20.6853,13.6016,approve
1,255,200,18.4701,11.8213,approve
1,256,200,35.0412,26.1143,approve
1,257,200,23.3017,16.2976,approve
1,258,200,27.2363,19.0011,approve
1,259,200,24.866,18.3828,approve
1,260,200,19.7775,11.6923,approve
1,261,200,19.8789,12.3403,approve
1,262,200,20.7418,13.1603,approve
1,263,200,20.5454,13.8894,approve
1,264,200,19.6818,12.516,approve
1,265,200,21.3478,12.4034,approve
1,266,200,18.1224,11.1942,approve
1,267,200,19.0539,12.4373,approve
1,268,200,20.4097,12.5566,approve
1,269,200,19.4391,11.1718,approve
1,270,200,17.3406,10.5615,approve
1,271,200,17.7428,10.6571,approve
1,272,200,20.2558,10.2147,approve
1,273,200,20.1529,13.728,approve
1,274,200,17.9494,11.7652,approve
1,275,200,17.8133,11.613,approve
1,276,200,17.5464,10.8256,approve
1,277,200,19.1508,10.6164,approve
1,278,200,17.005,10.3774,approve
1,279,200,17.606,9.9018,approve
1,280,200,17.4799,9.8801,approve
1,281,200,16.8969,9.4526,approve
1,282,200,20.6993,9.6993,approve
1,283,200,16.9991,10.1309,approve
1,284,200,16.3635,10.2128,approve
1,285,200,16.1053,9.878,approve
1,286,200,16.5055,9.3303,approve
1,287,200,15.7991,9.9071,approve
1,288,200,16.5937,10.3636,approve
1,289,200,16.5202,10.423,approve
1,290,200,16.1135,9.9098,approve
1,291,200,16.1911,9.7601,approve
1,292,200,19.3108,9.3535,approve
1,293,200,14.6689,8.2682,approve
1,294,200,12.4193,7.6434,approve
1,295,200,12.3935,7.4427,approve
1,296,200,13.6494,7.5512,approve
1,297,200,12.5578,7.7659,approve
1,298,200,12.8659,7.8968,approve
1,299,200,12.8843,7.8578,approve
1,300,200,12.1826,7.8032,approve
1,301,200,12.6323,7.8373,approve
1,302,200,14.3517,8.0581,approve
1,303,200,12.4055,7.5943,approve
1,304,200,11.6388,7.2343,approve
1,305,200,11.8897,7.2488,approve
1,306,200,14.0929,8.97,approve
1,307,200,14.7308,7.8579,approve
1,308,200,15.0227,9.1514,approve
1,309,200,13.9429,8.4125,approve
1,310,200,12.8648,8.1506,approve
1,311,200,12.7089,7.648,approve
1,312,200,13.7667,7.8384,approve
1,313,200,12.0766,7.5804,approve
1,314,200,11.5451,7.2018,approve
1,315,200,11.2164,6.922,approve
1,316,200,12.5215,7.7469,approve
1,317,200,15.4724,8.742,approve
1,318,200,13.6614,8.3522,approve
1,319,200,12.64,7.8035,approve
1,320,200,13.0134,7.6446,approve
1,321,200,13.1892,8.048,approve
1,322,200,14.1701,8.0155,approve
1,323,200,12.7971,7.8934,approve
1,324,200,13.7389,8.3333,approve
1,325,200,12.5679,7.5387,approve
1,326,200,12.9263,7.8015,approve
1,327,200,12.4025,7.4801,approve
1,328,200,12.1468,7.5199,approve
1,329,200,12.5281,7.5349,approve
1,330,200,12.2145,7.5531,approve
1,331,200,13.2248,7.3052,approve
1,332,200,12.2182,7.5627,approve
1,333,200,12.0939,7.3105,approve
1,334,200,11.5395,6.9981,approve
1,335,200,14.4514,9.5349,approve
1,336,200,14.1304,7.864,approve
1,337,200,12.6989,7.7046,approve
1,338,200,12.8079,7.7095,approve
1,339,200,12.2887,7.4988,approve
1,340,200,11.795,7.146,approve
1,341,200,13.8955,7.5307,approve
1,342,200,12.7625,7.7495,approve
1,343,200,13.0185,7.919,approve
1,344,200,11.872,7.2187,approve
1,345,200,11.7356,7.1704,approve
1,346,200,11.4141,7.0348,approve
1,347,200,14.3678,7.5707,approve
1,348,200,12.5922,7.671,approve
1,349,200,12.0442,7.5334,approve
1,350,200,11.8633,7.2447,approve
1,351,200,13.0561,7.8615,approve
1,352,200,14.8892,8.3439,approve
1,353,200,13.4307,8.0489,approve
1,354,200,11.7902,7.3098,approve
1,355,200,11.1528,6.9614,approve
1,356,200,11.5441,7.0948,approve
1,357,200,12.0886,7.5294,approve
1,358,200,13.3689,7.5807,approve
1,359,200,12.899,7.4576,approve
1,360,200,12.1353,7.4882,approve
1,361,200,12.5152,7.6042,approve
1,362,200,12.0876,7.2407,approve
1,363,200,12.6036,7.1415,approve
1,364,200,11.6592,7.1677,approve
1,365,200,15.8847,9.9666,approve
1,366,200,12.1705,7.1788,approve
1,367,200,12.9644,8.0168,approve
1,368,200,13.9032,7.5324,approve
1,369,200,13.8739,7.91,approve
1,370,200,12.1614,7.4809,approve
1,371,200,12.5587,7.8435,approve
1,372,200,11.4313,7.1558,approve
1,373,200,14.1727,7.9927,approve
1,374,200,12.5255,7.6564,approve
1,375,200,12.1038,7.6088,approve
1,376,200,12.8485,7.714,approve
1,377,200,11.9179,7.4427,approve
1,378,200,14.2281,7.9205,approve
1,379,200,12.8169,7.8272,approve
1,380,200,12.4221,7.6713,approve
1,381,200,13.4754,8.2979,approve
1,382,200,13.5207,8.445,approve
1,383,200,13.7437,7.6905,approve
1,384,200,12.0177,7.4531,approve
1,385,200,12.9427,7.8032,approve
1,386,200,13.1179,7.9961,approve
1,387,200,12.3306,7.4591,approve
1,388,200,13.1483,7.1929,approve
1,389,200,12.396,7.5209,approve
1,390,200,11.8024,7.0324,approve
1,391,200,13.0875,7.2634,approve
1,392,200,12.0191,7.6147,approve
1,393,200,11.5847,6.7894,approve
1,394,200,14.9693,9.2809,approve
1,395,200,16.0232,9.8034,approve
1,396,200,15.3939,9.5015,approve
1,397,200,17.2249,9.6433,approve
1,398,200,15.0787,9.2767,approve
1,399,200,15.1728,9.3404,approve
1,400,200,13.0034,7.9078,approve
1,401,200,12.418,7.5758,approve
1,402,200,13.5627,7.4528,approve
1,403,200,12.6435,7.5262,approve
1,404,200,11.7121,7.1387,approve
1,405,200,12.6308,7.427,approve
1,406,200,12.2747,7.6374,approve
1,407,200,11.6557,7.2993,approve
1,408,200,13.0437,7.0781,approve
1,409,200,13.7888,8.2253,approve
1,410,200,13.9861,8.5371,approve
1,411,200,15.0809,8.0619,approve
1,412,200,12.7038,7.6129,approve
1,413,200,13.5117,7.7098,approve
1,414,200,12.5859,7.608,approve
1,415,200,12.5221,7.6976,approve
1,416,200,13.3138,7.6148,approve
1,417,200,12.3196,7.2916,approve
1,418,200,12.5451,7.6451,approve
1,419,200,12.1127,7.4609,approve
1,420,200,11.9592,7.3009,approve
1,421,200,13.0944,7.4019,approve
1,422,200,12.4056,7.6681,approve
1,423,200,13.4032,8.1304,approve
1,424,200,12.845,7.5608,approve
1,425,200,13.0009,7.7991,approve
1,426,200,12.3714,7.4416,approve
1,427,200,13.3664,7.4479,approve
1,428,200,14.4712,8.8114,approve
1,429,200,13.8863,8.435,approve
1,430,200,13.5379,8.0533,approve
1,431,200,13.0557,7.7992,approve
1,432,200,13.4428,7.6286,approve
1,433,200,12.052,7.3281,approve
1,434,200,13.2804,7.8208,approve
1,435,200,12.9573,8.0428,approve
1,436,200,19.5635,8.3716,approve
1,437,200,13.9982,8.0086,approve
1,438,200,13.0604,8.148,approve
1,439,200,11.9059,7.3681,approve
1,440,200,13.1086,6.9849,approve
1,441,200,14.068,8.2297,approve
1,442,200,13.9546,8.5651,approve
1,443,200,14.0227,8.8834,approve
1,444,200,13.4355,8.1259,approve
1,445,200,16.3652,9.3017,approve
1,446,200,15.4365,9.5683,approve
1,447,200,14.4621,8.7313,approve
1,448,200,14.7856,9.0581,approve
1,449,200,13.5361,8.2433,approve
1,450,200,12.1995,7.5875,approve
1,451,200,14.9851,8.3581,approve
1,452,200,14.0683,8.587,approve
1,453,200,12.3095,7.6432,approve
1,454,200,12.1137,7.3994,approve
1,455,200,11.6072,7.32,approve
1,456,200,12.9538,7.2323,approve
1,457,200,11.612,7.1924,approve
1,458,200,14.2958,8.6325,approve
1,459,200,13.9439,8.4719,approve
1,460,200,12.8993,8.0921,approve
1,461,200,13.4031,7.6442,approve
1,462,200,12.1863,7.4792,approve
1,463,200,12.5709,7.5535,approve
1,464,200,13.0846,7.2982,approve
1,465,200,11.2631,7.0346,approve
1,466,200,11.7419,7.2292,approve
1,467,200,11.5365,7.1362,approve
1,468,200,11.3221,7.0897,approve
1,469,200,12.6978,7.6244,approve
1,470,200,13.9079,7.6646,approve
1,471,200,12.5591,7.7645,approve
1,472,200,12.4418,7.3345,approve
1,473,200,13.4364,7.2476,approve
1,474,200,11.7074,7.0937,approve
1,475,200,11.6603,7.1758,approve
1,476,200,11.3896,7.0586,approve
1,477,200,11.6988,7.3272,approve
1,478,200,13.089,7.3881,approve
1,479,200,13.0945,7.8517,approve
1,480,200,12.2824,7.5039,approve
1,481,200,12.3715,7.403,approve
1,482,200,12.163,7.3549,approve
1,483,200,13.2081,7.3533,approve
1,484,200,12.3479,7.425,approve
1,485,200,11.9445,7.1558,approve
1,486,200,11.9908,7.3712,approve
1,487,200,12.7276,7.7215,approve
1,488,200,12.0911,7.2784,approve
1,489,200,13.3366,7.5694,approve
1,490,200,12.4595,7.1894,approve
1,491,200,12.6629,7.8061,approve
1,492,200,12.285,7.2631,approve
1,493,200,12.9641,7.252,approve
1,494,200,11.4923,7.098,approve
1,495,200,11.148,6.8781,approve
1,496,200,11.6336,7.0764,approve
1,497,200,11.8749,7.294,approve
1,498,200,13.276,7.2958,approve
1,499,200,13.101,7.8776,approve
4,0,200,28.4878,8.8823,approve
4,1,200,36.8336,20.1864,approve
4,2,200,45.0107,29.5907,approve
4,3,200,53.8464,39.2684,approve
4,4,200,38.8081,30.5205,approve
4,5,200,38.57,30.8935,approve
4,6,200,39.5761,30.5965,approve
4,7,200,39.5976,31.4247,approve
4,8,200,39.7171,31.6501,approve
4,9,200,39.3864,31.979,approve
4,10,200,38.173,30.5943,approve
4,11,200,37.9244,29.9847,approve
4,12,200,39.1999,29.9323,approve
4,13,200,39.8861,31.8657,approve
4,14,200,39.9359,32.2993,approve
4,15,200,40.1759,31.8184,approve
4,16,200,38.8377,30.8893,approve
4,17,200,39.4708,30.6916,approve
4,18,200,39.7538,32.3225,approve
4,19,200,39.3015,31.29,approve
4,20,200,39.8494,31.9355,approve
4,21,200,38.7726,30.6316,approve
4,22,200,39.5439,31.0887,approve
4,23,200,39.1722,31.2208,approve
4,24,200,38.9065,30.6858,approve
4,25,200,42.2024,32.1067,approve
4,26,200,41.7082,33.5549,approve
4,27,200,42.8512,34.6404,approve
4,28,200,43.0952,34.219,approve
4,29,200,39.6357,32.5543,approve
4,30,200,38.8156,31.0826,approve
4,31,200,39.379,30.0621,approve
4,32,200,38.5843,30.719,approve
4,33,200,39.102,31.3852,approve
4,34,200,39.4692,31.6605,approve
4,35,200,38.3317,30.4469,approve
4,36,200,39.4504,31.3893,approve
4,37,200,41.0893,31.6794,approve
4,38,200,41.0461,33.1893,approve
4,39,200,40.6725,31.9418,approve
4,40,200,39.799,31.9299,approve
4,41,200,37.8453,30.367,approve
4,42,200,39.0081,30.1149,approve
4,43,200,39.2021,31.2398,approve
4,44,200,39.7706,31.307,approve
4,45,200,39.7899,32.0868,approve
4,46,200,39.9766,30.5948,approve
4,47,200,40.6153,31.8258,approve
4,48,200,40.0516,32.3134,approve
4,49,200,39.856,32.3765,approve
4,50,200,38.762,30.8242,approve
4,51,200,38.2661,30.078,approve
4,52,200,40.0521,30.7081,approve
4,53,200,39.9089,32.254,approve
4,54,200,40.0249,32.4053,approve
4,55,200,40.7073,31.8746,approve
4,56,200,40.3438,32.011,approve
4,57,200,42.1701,32.9048,approve
4,58,200,42.5152,33.9213,approve
4,59,200,42.4719,33.7332,approve
4,60,200,41.0618,33.0671,approve
4,61,200,39.8578,31.8325,approve
4,62,200,38.8778,30.9065,approve
4,63,200,39.6316,29.9615,approve
4,64,200,39.5915,31.7532,approve
4,65,200,39.2665,31.7248,approve
4,66,200,40.9369,32.0243,approve
4,67,200,39.0244,31.4623,approve
4,68,200,39.7264,31.8796,approve
4,69,200,39.8716,32.1317,approve
4,70,200,38.4208,30.9439,approve
4,71,200,39.0563,30.4053,approve
4,72,200,39.6535,30.6932,approve
4,73,200,39.1944,31.7978,approve
4,74,200,39.4081,31.5721,approve
4,75,200,39.4104,31.1043,approve
4,76,200,39.2203,31.1639,approve
4,77,200,39.5368,31.5991,approve
4,78,200,40.5938,31.5844,approve
4,79,200,40.3343,31.5034,approve
4,80,200,38.9597,31.0708,approve
4,81,200,38.8839,31.4376,approve
4,82,200,37.5086,30.2157,approve
4,83,200,39.0161,30.3019,approve
4,84,200,39.9253,31.9055,approve
4,85,200,40.2643,32.3075,approve
4,86,200,40.7359,32.5411,approve
4,87,200,39.6295,31.5333,approve
4,88,200,39.2599,31.3446,approve
4,89,200,39.985,31.4317,approve
4,90,200,39.8503,31.8277,approve
4,91,200,39.5404,31.4912,approve
4,92,200,39.2884,31.4375,approve
4,93,200,39.6182,30.6286,approve
4,94,200,39.1924,31.3853,approve
4,95,200,39.0224,31.1306,approve
4,96,200,38.6852,30.7394,approve
4,97,200,37.1281,29.8346,approve
4,98,200,37.1687,29.7581,approve
4,99,200,38.8135,29.6265,approve
4,100,200,40.0757,31.6737,approve
4,101,200,40.7001,32.7569,approve
4,102,200,40.669,33.0129,approve
4,103,200,40.7708,30.7878,approve
4,104,200,39.822,31.9643,approve
4,105,200,39.8641,32.0259,approve
4,106,200,40.9094,32.4044,approve
4,107,200,39.1779,31.175,approve
4,108,200,40.6947,31.1554,approve
4,109,200,40.1619,32.4143,approve
4,110,200,39.5069,31.7403,approve
4,111,200,40.3469,32.4406,approve
4,112,200,40.6322,32.4848,approve
4,113,200,42.8458,33.2125,approve
4,114,200,42.7618,34.4151,approve
4,115,200,42.0951,33.3305,approve
4,116,200,40.2948,32.4704,approve
4,117,200,37.9804,30.267,approve
4,118,200,38.2667,30.1225,approve
4,119,200,38.8115,30.0312,approve
4,120,200,39.0655,31.1322,approve
4,121,200,39.3892,31.6249,approve
4,122,200,38.9335,31.3115,approve
4,123,200,38.467,30.4842,approve
4,124,200,37.7838,30.2458,approve
4,125,200,38.9071,30.3376,approve
4,126,200,39.4356,31.292,approve
4,127,200,41.3838,32.3395,approve
4,128,200,42.6433,34.0091,approve
4,129,200,42.5805,34.1748,approve
4,130,200,44.6687,34.0849,approve
4,131,200,45.6305,36.2836,approve
4,132,200,47.5932,38.3552,approve
4,133,200,51.4766,40.6435,approve
4,134,200,50.8547,41.1181,approve
4,135,200,50.3151,40.2405,approve
4,136,200,52.2877,40.773,approve
4,137,200,49.0703,39.8394,approve
4,138,200,55.1145,40.4192,approve
4,139,200,56.1181,44.8951,approve
4,140,200,53.2389,44.9604,approve
4,141,200,53.4081,44.0787,approve
4,142,200,46.5137,37.3548,approve
4,143,200,44.111,34.5314,approve
4,144,200,45.9789,35.2325,approve
4,145,200,45.6924,36.408,approve
4,146,200,46.3555,37.2613,approve
4,147,200,47.8556,39.7767,approve
4,148,200,44.6771,36.3456,approve
4,149,200,43.4764,35.0717,approve
4,150,200,44.0198,33.1781,approve
4,151,200,43.0296,34.517,approve
4,152,200,42.8665,35.0046,approve
4,153,200,42.5102,34.7119,approve
4,154,200,40.8823,32.1677,approve
4,155,200,39.2485,30.9201,approve
4,156,200,40.1011,30.9585,approve
4,157,200,40.2725,32.099,approve
4,158,200,39.7282,31.9374,approve
4,159,200,40.1574,32.0053,approve
4,160,200,39.4268,31.5827,approve
4,161,200,39.8612,31.2139,approve
4,162,200,40.0788,31.8821,approve
4,163,200,39.9842,31.2657,approve
4,164,200,39.3671,31.8143,approve
4,165,200,38.5171,30.9535,approve
4,166,200,39.5502,30.3795,approve
4,167,200,39.8342,31.6422,approve
4,168,200,40.0322,31.9649,approve
4,169,200,40.6738,32.8974,approve
4,170,200,39.3901,31.3308,approve
4,171,200,40.4714,31.2543,approve
4,172,200,40.4174,32.4853,approve
4,173,200,39.9267,32.3557,approve
4,174,200,39.7821,31.9025,approve
4,175,200,38.0495,30.1227,approve
4,176,200,38.0051,30.1078,approve
4,177,200,39.3983,30.4064,approve
4,178,200,39.1284,31.6348,approve
4,179,200,39.2102,31.102,approve
4,180,200,39.3864,31.416,approve
4,181,200,38.4567,30.3856,approve
4,182,200,40.4141,31.3693,approve
4,183,200,40.6621,32.4155,approve
4,184,200,41.1458,33.1454,approve
4,185,200,40.4506,32.7593,approve
4,186,200,38.6568,31.1737,approve
4,187,200,40.0489,30.3765,approve
4,188,200,39.4076,31.6124,approve
4,189,200,39.6989,31.6606,approve
4,190,200,41.2473,32.3841,approve
4,191,200,39.4641,31.6579,approve
4,192,200,39.9977,31.8789,approve
4,193,200,39.5369,31.5616,approve
4,194,200,38.2374,30.516,approve
4,195,200,38.2714,30.1467,approve
4,196,200,39.0093,30.0867,approve
4,197,200,39.2222,31.4882,approve
4,198,200,39.3985,31.7425,approve
4,199,200,40.5827,32.0107,approve
4,200,200,39.7999,31.8428,approve
4,201,200,41.2643,32.0297,approve
4,202,200,41.6118,32.99,approve
4,203,200,40.4492,32.431,approve
4,204,200,39.8037,32.0509,approve
4,205,200,38.376,30.8204,approve
4,206,200,37.7048,30.0912,approve
4,207,200,39.0593,30.0641,approve
4,208,200,40.5389,32.2125,approve
4,209,200,41.8173,33.6705,approve
4,210,200,43.5626,34.829,approve
4,211,200,44.3911,35.2267,approve
4,212,200,46.5542,36.8148,approve
4,213,200,46.3194,37.6003,approve
4,214,200,45.4784,36.1551,approve
4,215,200,45.0782,35.8315,approve
4,216,200,43.686,34.8585,approve
4,217,200,42.7742,34.8108,approve
4,218,200,43.7117,33.387,approve
4,219,200,44.0928,34.8732,approve
4,220,200,42.6838,34.5847,approve
4,221,200,44.4583,35.93,approve
4,222,200,47.4067,35.2599,approve
4,223,200,49.7699,38.9642,approve
4,224,200,66.4993,57.3464,approve
4,225,200,72.2144,60.9469,approve
4,226,200,70.9903,61.5127,approve
4,227,200,71.3819,60.8809,approve
4,228,200,59.0324,47.8282,approve
4,229,200,58.8633,45.5586,approve
4,230,200,62.4559,47.7581,approve
4,231,200,64.3539,51.45,approve
4,232,200,63.112,50.6803,approve
4,233,200,57.1658,48.8217,approve
4,234,200,52.1927,44.6897,approve
4,235,200,48.0581,36.8486,approve
4,236,200,47.0534,36.7423,approve
4,237,200,47.9239,38.5482,approve
4,238,200,48.9898,39.6991,approve
4,239,200,48.1729,39.2057,approve
4,240,200,48.1426,37.8875,approve
4,241,200,49.9234,39.4438,approve
4,242,200,48.8828,39.6696,approve
4,243,200,48.4584,39.1576,approve
4,244,200,48.437,37.9788,approve
4,245,200,49.2768,39.9003,approve
4,246,200,51.8844,41.4438,approve
4,247,200,53.0487,43.2009,approve
4,248,200,53.264,41.4141,approve
4,249,200,51.7261,43.0985,approve
4,250,200,50.2859,40.2914,approve
4,251,200,53.2629,42.3976,approve
4,252,200,60.4193,49.4846,approve
4,253,200,60.8033,50.4776,approve
4,254,200,59.2148,51.5178,approve
4,255,200,59.3758,46.5022,approve
4,256,200,53.2585,42.9788,approve
4,257,200,53.4272,42.4264,approve
4,258,200,53.5196,43.2713,approve
4,259,200,49.2539,39.4249,approve
4,260,200,51.1535,41.7031,approve
4,261,200,50.2633,40.5155,approve
4,262,200,53.038,42.1808,approve
4,263,200,59.9441,52.0488,approve
4,264,200,56.1143,46.8693,approve
4,265,200,55.2295,45.673,approve
4,266,200,54.9488,46.7921,approve
4,267,200,57.0862,46.3869,approve
4,268,200,61.9997,51.3278,approve
4,269,200,63.2393,52.2632,approve
4,270,200,62.3435,54.1426,approve
4,271,200,58.6642,48.7443,approve
4,272,200,55.3335,44.6476,approve
4,273,200,53.3493,43.6202,approve
4,274,200,50.9548,40.5818,approve
4,275,200,46.2555,37.8498,approve
4,276,200,44.4845,35.2147,approve
4,277,200,44.5008,36.0273,approve
4,278,200,44.5433,34.7843,approve
4,279,200,43.5794,34.7879,approve
4,280,200,45.7216,35.2447,approve
4,281,200,46.1541,37.5051,approve
4,282,200,45.4836,36.5487,approve
4,283,200,45.5818,35.6468,approve
4,284,200,44.3697,34.1046,approve
4,285,200,42.6941,35.0288,approve
4,286,200,42.8505,34.4261,approve
4,287,200,42.1833,33.35,approve
4,288,200,40.3412,32.4823,approve
4,289,200,41.1059,32.7622,approve
4,290,200,41.945,32.5055,approve
4,291,200,46.5838,34.324,approve
4,292,200,48.2144,35.3045,approve
4,293,200,49.4273,40.3266,approve
4,294,200,48.1939,38.8571,approve
4,295,200,45.6959,38.5184,approve
4,296,200,44.4756,36.1499,approve
4,297,200,48.5599,35.1172,approve
4,298,200,43.0039,34.1914,approve
4,299,200,44.0186,34.5181,approve
4,300,200,45.3419,35.4834,approve
4,301,200,41.7462,34.9008,approve
4,302,200,47.887,38.535,approve
4,303,200,45.6453,36.6662,approve
4,304,200,44.2201,35.7672,approve
4,305,200,43.1606,34.7031,approve
4,306,200,44.1273,34.5403,approve
4,307,200,44.3694,34.8332,approve
4,308,200,48.746,39.5116,approve
4,309,200,48.1147,39.9917,approve
4,310,200,48.2845,38.1143,approve
4,311,200,48.2583,41.9452,approve
4,312,200,43.3787,35.3293,approve
4,313,200,42.7889,34.8297,approve
4,314,200,41.6444,32.3158,approve
4,315,200,40.3751,31.7742,approve
4,316,200,41.8564,32.3637,approve
4,317,200,42.4265,33.9624,approve
4,318,200,42.1811,33.9402,approve
4,319,200,43.4304,34.3318,approve
4,320,200,42.1831,33.787,approve
4,321,200,42.6521,33.5566,approve
4,322,200,42.9273,34.2925,approve
4,323,200,42.1419,33.8331,approve
4,324,200,41.5348,33.8844,approve
4,325,200,42.2016,32.7312,approve
4,326,200,42.3645,33.2247,approve
4,327,200,41.5702,33.4645,approve
4,328,200,42.9936,34.3614,approve
4,329,200,41.4084,32.9464,approve
4,330,200,42.218,32.9344,approve
4,331,200,44.1389,34.6238,approve
4,332,200,42.8129,34.7677,approve
4,333,200,52.6824,34.9716,approve
4,334,200,47.6562,38.244,approve
4,335,200,46.2725,38.1116,approve
4,336,200,46.4609,38.1288,approve
4,337,200,38.4484,32.1458,approve
4,338,200,43.5345,33.7977,approve
4,339,200,44.3202,35.8922,approve
4,340,200,45.7297,36.1577,approve
4,341,200,43.8331,35.7689,approve
4,342,200,42.1062,33.472,approve
4,343,200,41.4672,32.439,approve
4,344,200,41.9332,32.2667,approve
4,345,200,42.181,34.0053,approve
4,346,200,42.4278,34.1421,approve
4,347,200,42.6965,33.9453,approve
4,348,200,41.4049,33.1898,approve
4,349,200,41.3342,33.1433,approve
4,350,200,42.6299,32.8841,approve
4,351,200,43.5567,34.068,approve
4,352,200,43.2076,35.3388,approve
4,353,200,43.3767,34.9372,approve
4,354,200,43.5159,36.8817,approve
4,355,200,42.2884,33.2216,approve
4,356,200,42.5655,34.4663,approve
4,357,200,42.6018,34.1412,approve
4,358,200,40.4421,32.6928,approve
4,359,200,42.1134,31.5767,approve
4,360,200,43.1256,34.6202,approve
4,361,200,42.375,34.703,approve
4,362,200,42.6333,34.093,approve
4,363,200,40.8305,31.3876,approve
4,364,200,39.9547,30.8778,approve
4,365,200,40.178,32.6024,approve
4,366,200,40.3487,32.0756,approve
4,367,200,39.486,31.8013,approve
4,368,200,38.5937,30.4009,approve
4,369,200,40.4446,31.0032,approve
4,370,200,40.5792,32.7854,approve
4,371,200,41.1516,33.2093,approve
4,372,200,42.0258,33.0494,approve
4,373,200,40.2152,32.2194,approve
4,374,200,40.6892,31.8204,approve
4,375,200,41.8605,32.3418,approve
4,376,200,40.9037,33.1334,approve
4,377,200,41.5055,33.781,approve
4,378,200,41.5558,33.6062,approve
4,379,200,40.6603,32.6123,approve
4,380,200,43.3192,32.7376,approve
4,381,200,43.6988,35.2217,approve
4,382,200,42.9855,34.8471,approve
4,383,200,42.8659,34.3763,approve
4,384,200,40.8884,32.1679,approve
4,385,200,42.5439,32.9767,approve
4,386,200,44.1596,35.1912,approve
4,387,200,44.1461,35.8213,approve
4,388,200,44.0636,35.3208,approve
4,389,200,43.9398,34.0526,approve
4,390,200,43.2906,34.9328,approve
4,391,200,43.4723,34.6754,approve
4,392,200,45.1817,35.7859,approve
4,393,200,44.8348,36.2381,approve
4,394,200,45.1439,37.0148,approve
4,395,200,47.3327,36.1832,approve
4,396,200,45.4417,36.2199,approve
4,397,200,44.6606,35.72,approve
4,398,200,44.8842,36.2366,approve
4,399,200,44.1524,34.9444,approve
4,400,200,46.5505,35.7657,approve
4,401,200,45.9262,36.8466,approve
4,402,200,45.3234,36.1903,approve
4,403,200,44.0921,35.0279,approve
4,404,200,43.4521,34.0841,approve
4,405,200,43.2795,34.8896,approve
4,406,200,42.0713,34.0401,approve
4,407,200,40.9361,32.4155,approve
4,408,200,38.9726,30.9187,approve
4,409,200,39.2858,30.4823,approve
4,410,200,39.485,31.6676,approve
4,411,200,42.1023,32.7709,approve
4,412,200,44.8687,35.502,approve
4,413,200,43.9462,36.2099,approve
4,414,200,43.6768,34.9277,approve
4,415,200,41.7933,32.4872,approve
4,416,200,39.9064,32.081,approve
4,417,200,41.4262,32.3411,approve
4,418,200,41.6662,33.5248,approve
4,419,200,41.0279,32.2861,approve
4,420,200,40.7685,32.3204,approve
4,421,200,41.7971,33.5496,approve
4,422,200,42.6657,34.7354,approve
4,423,200,44.6806,34.511,approve
4,424,200,44.2598,34.4421,approve
4,425,200,41.783,33.5158,approve
4,426,200,42.0773,33.2435,approve
4,427,200,42.2545,32.5439,approve
4,428,200,41.8424,33.9243,approve
4,429,200,41.7501,33.7753,approve
4,430,200,40.855,32.3563,approve
4,431,200,40.2288,31.0714,approve
4,432,200,40.6604,31.5171,approve
4,433,200,41.5708,33.321,approve
4,434,200,41.9085,33.48,approve
4,435,200,41.9625,34.1826,approve
4,436,200,49.4972,33.2523,approve
4,437,200,50.8956,40.9156,approve
4,438,200,51.8793,42.6556,approve
4,439,200,55.9994,45.351,approve
4,440,200,47.9861,39.9596,approve
4,441,200,45.8511,37.4284,approve
4,442,200,44.1125,33.7186,approve
4,443,200,39.7237,30.7095,approve
4,444,200,40.1723,32.1784,approve
4,445,200,41.2851,32.6315,approve
4,446,200,41.6451,33.7726,approve
4,447,200,41.0296,32.4214,approve
4,448,200,40.3434,32.4085,approve
4,449,200,39.9057,31.2364,approve
4,450,200,39.7203,31.524,approve
4,451,200,39.0857,30.9971,approve
4,452,200,45.5169,32.5017,approve
4,453,200,39.8245,31.8788,approve
4,454,200,42.5142,32.7196,approve
4,455,200,43.6569,33.9224,approve
4,456,200,37.9885,32.8257,approve
4,457,200,43.4992,34.5108,approve
4,458,200,40.9862,32.6341,approve
4,459,200,39.9851,31.557,approve
4,460,200,40.1276,31.841,approve
4,461,200,39.2808,31.5689,approve
4,462,200,38.9235,30.9293,approve
4,463,200,40.5452,31.1855,approve
4,464,200,40.2622,32.5682,approve
4,465,200,41.2145,33.2435,approve
4,466,200,41.5501,32.9302,approve
4,467,200,40.3153,31.7018,approve
4,468,200,41.3117,31.938,approve
4,469,200,40.706,32.7731,approve
4,470,200,40.5309,32.3986,approve
4,471,200,40.1806,31.769,approve
4,472,200,39.5915,31.5413,approve
4,473,200,40.8871,31.8549,approve
4,474,200,40.8934,33.0907,approve
4,475,200,41.2552,32.5817,approve
4,476,200,40.0892,32.1528,approve
4,477,200,38.614,30.9674,approve
4,478,200,38.7418,30.8404,approve
4,479,200,39.5917,30.309,approve
4,480,200,40.3039,32.727,approve
4,481,200,40.0223,32.605,approve
4,482,200,39.4696,31.9878,approve
4,483,200,38.5807,29.8963,approve
4,484,200,39.4656,30.3626,approve
4,485,200,39.9641,32.1889,approve
4,486,200,40.6074,32.2633,approve
4,487,200,40.5364,32.2966,approve
4,488,200,40.1297,32.2516,approve
4,489,200,41.6023,32.2111,approve
4,490,200,42.345,33.9166,approve
4,491,200,44.1456,34.7429,approve
4,492,200,44.989,36.5962,approve
4,493,200,45.3089,35.5854,approve
4,494,200,44.6358,36.1243,approve
4,495,200,42.9495,34.1053,approve
4,496,200,41.2423,33.2937,approve
4,497,200,40.8671,32.328,approve
4,498,200,40.9035,32.3135,approve
4,499,200,41.7129,32.1416,approve
8,0,200,36.0126,8.8561,approve
8,1,200,64.039,39.4147,approve
8,2,200,42.831,19.3277,approve
8,3,200,107.8358,83.8193,approve
8,4,200,51.0969,28.8956,approve
8,5,200,68.6005,48.813,approve
8,6,200,76.7267,57.905,approve
8,7,200,88.7433,67.8665,approve
8,8,200,87.6715,78.9602,approve
8,9,200,87.9482,80.1363,approve
8,10,200,87.2776,79.4682,approve
8,11,200,87.7646,79.9442,approve
8,12,200,89.5763,80.2458,approve
8,13,200,89.6874,81.8144,approve
8,14,200,86.647,75.8777,approve
8,15,200,82.5131,73.7067,approve
8,16,200,83.5116,73.6787,approve
8,17,200,83.1534,74.9859,approve
8,18,200,83.3551,75.0036,approve
8,19,200,83.5295,75.1557,approve
8,20,200,82.83,73.7903,approve
8,21,200,84.1503,75.1699,approve
8,22,200,83.9724,75.368,approve
8,23,200,83.9184,75.0378,approve
8,24,200,81.297,73.587,approve
8,25,200,82.2335,73.5152,approve
8,26,200,82.7379,73.8935,approve
8,27,200,81.8125,74.3546,approve
8,28,200,80.8886,72.809,approve
8,29,200,80.7093,71.7073,approve
8,30,200,80.864,72.5961,approve
8,31,200,83.0861,72.4921,approve
8,32,200,82.6768,74.5083,approve
8,33,200,81.806,74.1315,approve
8,34,200,80.9877,73.3791,approve
8,35,200,81.4023,73.3385,approve
8,36,200,81.0899,73.4718,approve
8,37,200,81.671,71.9772,approve
8,38,200,81.2364,73.1445,approve
8,39,200,79.3308,71.4051,approve
8,40,200,79.558,71.3675,approve
8,41,200,79.4824,71.604,approve
8,42,200,79.3034,71.5711,approve
8,43,200,81.9695,71.6916,approve
8,44,200,82.3976,74.4475,approve
8,45,200,80.941,72.8341,approve
8,46,200,81.2683,72.5073,approve
8,47,200,81.243,72.8152,approve
8,48,200,80.9289,72.9227,approve
8,49,200,83.7549,73.1721,approve
8,50,200,84.2109,76.3079,approve
8,51,200,81.7197,73.9945,approve
8,52,200,81.6381,73.775,approve
8,53,200,82.808,73.5878,approve
8,54,200,83.3486,74.9482,approve
8,55,200,83.3301,75.0095,approve
8,56,200,82.9156,75.143,approve
8,57,200,81.4233,72.1261,approve
8,58,200,83.6388,73.781,approve
8,59,200,83.7235,75.715,approve
8,60,200,83.5458,75.6718,approve
8,61,200,82.3135,73.6632,approve
8,62,200,81.8854,73.5295,approve
8,63,200,84.4988,74.3257,approve
8,64,200,85.2661,77.0528,approve
8,65,200,84.7165,75.8093,approve
8,66,200,82.4845,74.4396,approve
8,67,200,82.5798,74.5584,approve
8,68,200,83.189,75.1941,approve
8,69,200,84.7833,74.7701,approve
8,70,200,86.7318,76.8845,approve
8,71,200,83.3314,75.006,approve
8,72,200,83.755,75.3236,approve
8,73,200,83.6984,75.0586,approve
8,74,200,83.9936,75.5764,approve
8,75,200,85.383,75.8595,approve
8,76,200,85.6717,77.358,approve
8,77,200,84.3979,75.2719,approve
8,78,200,81.6755,74.2195,approve
8,79,200,82.8233,73.9616,approve
8,80,200,83.7707,74.2407,approve
8,81,200,84.8849,76.0533,approve
8,82,200,90.3482,80.5247,approve
8,83,200,92.4098,83.1587,approve
8,84,200,95.2008,86.3395,approve
8,85,200,98.0594,88.1444,approve
8,86,200,101.991,92.7513,approve
8,87,200,105.4441,96.0509,approve
8,88,200,106.6539,97.8895,approve
8,89,200,107.6121,95.21,approve
8,90,200,104.5337,93.7978,approve
8,91,200,102.547,92.2604,approve
8,92,200,101.8402,92.2178,approve
8,93,200,100.6185,89.7038,approve
8,94,200,101.1993,91.3686,approve
8,95,200,101.1506,89.1723,approve
8,96,200,99.4381,89.9112,approve
8,97,200,100.0623,89.8244,approve
8,98,200,100.8486,90.225,approve
8,99,200,100.69,90.8089,approve
8,100,200,99.7181,90.0008,approve
8,101,200,100.1522,91.4937,approve
8,102,200,100.0987,89.4006,approve
8,103,200,100.6419,89.2488,approve
8,104,200,137.5121,127.7254,approve
8,105,200,138.9668,128.7589,approve
8,106,200,139.6576,130.8306,approve
8,107,200,140.0255,130.6344,approve
8,108,200,140.312,130.8479,approve
8,109,200,141.4321,128.6973,approve
8,110,200,140.5955,129.9868,approve
8,111,200,137.9097,101.9706,approve
8,112,200,101.5825,90.0885,approve
8,113,200,98.3121,87.386,approve
8,114,200,96.2688,86.2797,approve
8,115,200,96.8085,86.4846,approve
8,116,200,95.789,86.6217,approve
8,117,200,95.706,83.8215,approve
8,118,200,95.4438,85.9005,approve
8,119,200,94.7068,85.0483,approve
8,120,200,95.0391,86.2128,approve
8,121,200,95.1875,85.5335,approve
8,122,200,94.7731,85.8159,approve
8,123,200,95.129,84.7019,approve
8,124,200,95.6333,86.4221,approve
8,125,200,93.2707,85.9159,approve
8,126,200,92.7668,83.4271,approve
8,127,200,94.4559,83.9309,approve
8,128,200,94.8418,85.256,approve
8,129,200,95.7209,84.34,approve
8,130,200,95.7434,86.9727,approve
8,131,200,94.6023,85.6569,approve
8,132,200,94.1171,85.4955,approve
8,133,200,94.496,84.3549,approve
8,134,200,95.3019,83.7799,approve
8,135,200,95.0419,85.1506,approve
8,136,200,95.7489,86.2174,approve
8,137,200,94.3362,84.3849,approve
8,138,200,98.6226,85.2065,approve
8,139,200,100.0796,89.5941,approve
8,140,200,99.6427,91.6595,approve
8,141,200,99.0001,89.819,approve
8,142,200,98.8363,88.0212,approve
8,143,200,97.717,88.7004,approve
8,144,200,96.8373,86.9162,approve
8,145,200,97.0781,87.5119,approve
8,146,200,91.8816,83.6659,approve
8,147,200,89.9283,81.1922,approve
8,148,200,90.2443,81.9344,approve
8,149,200,90.6368,81.125,approve
8,150,200,90.5985,80.0293,approve
8,151,200,92.8568,83.0836,approve
8,152,200,91.7499,82.966,approve
8,153,200,100.6913,82.358,approve
8,154,200,95.269,86.0547,approve
8,155,200,97.122,87.4504,approve
8,156,200,99.5477,88.8283,approve
8,157,200,102.896,90.7625,approve
8,158,200,103.4021,92.8113,approve
8,159,200,100.8031,91.9461,approve
8,160,200,103.1828,92.1235,approve
8,161,200,91.586,84.9813,approve
8,162,200,96.6408,87.362,approve
8,163,200,95.2407,85.7707,approve
8,164,200,93.8442,83.8199,approve
8,165,200,91.3347,81.898,approve
8,166,200,88.2554,79.4573,approve
8,167,200,87.7443,78.8293,approve
8,168,200,85.0954,79.5367,approve
8,169,200,88.0441,78.2222,approve
8,170,200,87.1234,78.7008,approve
8,171,200,85.5645,77.6094,approve
8,172,200,83.6147,75.0524,approve
8,173,200,81.2814,73.214,approve
8,174,200,82.1627,73.1973,approve
8,175,200,82.912,72.8129,approve
8,176,200,83.2754,75.0112,approve
8,177,200,81.8587,73.671,approve
8,178,200,82.892,74.467,approve
8,179,200,83.6928,75.1684,approve
8,180,200,85.7093,76.4844,approve
8,181,200,85.7453,77.4553,approve
8,182,200,84.6982,76.1573,approve
8,183,200,84.2138,75.7581,approve
8,184,200,85.2662,76.7038,approve
8,185,200,88.4395,77.7464,approve
8,186,200,90.6144,82.0047,approve
8,187,200,90.3895,82.0368,approve
8,188,200,88.5786,80.8172,approve
8,189,200,89.9391,81.0979,approve
8,190,200,90.3823,80.8978,approve
8,191,200,91.0151,80.7954,approve
8,192,200,90.6891,81.3639,approve
8,193,200,87.7017,77.785,approve
8,194,200,85.1196,77.0362,approve
8,195,200,84.9664,76.1864,approve
8,196,200,85.1231,76.546,approve
8,197,200,85.1021,75.6544,approve
8,198,200,85.1704,76.4483,approve
8,199,200,84.3722,75.1284,approve
8,200,200,83.061,74.8985,approve
8,201,200,83.2524,74.8424,approve
8,202,200,85.0076,75.7778,approve
8,203,200,84.7779,77.0392,approve
8,204,200,84.1515,76.4216,approve
8,205,200,84.0327,74.7666,approve
8,206,200,83.7009,74.85,approve
8,207,200,83.4088,74.7732,approve
8,208,200,85.4238,74.9955,approve
8,209,200,84.8555,75.9925,approve
8,210,200,83.8532,74.9351,approve
8,211,200,92.9692,84.2151,approve
8,212,200,93.1212,84.9364,approve
8,213,200,93.5601,84.3849,approve
8,214,200,93.5395,85.3763,approve
8,215,200,93.3808,84.4546,approve
8,216,200,91.5141,83.2302,approve
8,217,200,91.3596,83.1704,approve
8,218,200,89.6919,83.9032,approve
8,219,200,81.3384,72.6248,approve
8,220,200,81.3697,73.4467,approve
8,221,200,79.4019,71.0301,approve
8,222,200,81.4294,72.0099,approve
8,223,200,80.5386,72.1441,approve
8,224,200,79.8131,71.9856,approve
8,225,200,81.2797,72.0401,approve
8,226,200,81.7558,74.1413,approve
8,227,200,81.0001,72.9034,approve
8,228,200,80.798,73.3657,approve
8,229,200,81.4753,75.3142,approve
8,230,200,78.9864,71.4861,approve
8,231,200,80.52,70.9074,approve
8,232,200,80.8257,72.7657,approve
8,233,200,79.033,70.697,approve
8,234,200,78.6187,70.8622,approve
8,235,200,79.9206,70.5255,approve
8,236,200,79.8236,71.6807,approve
8,237,200,79.6411,71.6257,approve
8,238,200,79.469,71.6868,approve
8,239,200,78.3576,70.0839,approve
8,240,200,80.6536,71.5304,approve
8,241,200,82.1623,73.444,approve
8,242,200,83.5342,75.4666,approve
8,243,200,82.3103,74.0127,approve
8,244,200,83.4133,74.5678,approve
8,245,200,83.9977,75.8867,approve
8,246,200,85.0271,76.3833,approve
8,247,200,86.7125,77.2836,approve
8,248,200,84.6512,76.3496,approve
8,249,200,84.2225,75.0116,approve
8,250,200,84.999,76.5465,approve
8,251,200,86.1386,77.1607,approve
8,252,200,84.9399,76.917,approve
8,253,200,84.6783,76.0953,approve
8,254,200,84.5311,75.6124,approve
8,255,200,82.9205,74.6082,approve
8,256,200,83.6323,74.72,approve
8,257,200,83.9253,74.5874,approve
8,258,200,82.8559,74.575,approve
8,259,200,81.4431,73.7427,approve
8,260,200,83.2678,73.9906,approve
8,261,200,82.4871,74.2169,approve
8,262,200,83.9992,74.5431,approve
8,263,200,84.1807,75.5366,approve
8,264,200,83.1615,74.6704,approve
8,265,200,83.2464,74.3527,approve
8,266,200,82.6732,74.6421,approve
8,267,200,84.0432,75.4603,approve
8,268,200,82.7321,74.8935,approve
8,269,200,82.9766,74.5713,approve
8,270,200,81.1024,72.6141,approve
8,271,200,81.8821,73.2424,approve
8,272,200,83.3241,73.6114,approve
8,273,200,82.6302,74.4079,approve
8,274,200,82.1247,73.8821,approve
8,275,200,80.3804,72.7633,approve
8,276,200,79.9402,72.3948,approve
8,277,200,81.1378,72.2464,approve
8,278,200,80.5609,72.2012,approve
8,279,200,79.9404,71.4253,approve
8,280,200,78.1445,70.4201,approve
8,281,200,77.8534,69.9495,approve
8,282,200,79.5837,70.3959,approve
8,283,200,80.0271,72.077,approve
8,284,200,79.8835,72.4288,approve
8,285,200,82.6086,71.4765,approve
8,286,200,85.794,75.9954,approve
8,287,200,86.1387,77.7667,approve
8,288,200,86.9694,79.0842,approve
8,289,200,87.8987,79.2881,approve
8,290,200,87.4247,78.4078,approve
8,291,200,88.2593,79.9608,approve
8,292,200,93.4895,80.558,approve
8,293,200,90.8105,81.0755,approve
8,294,200,89.4827,79.5981,approve
8,295,200,88.971,80.4054,approve
8,296,200,88.1985,80.3097,approve
8,297,200,87.2891,79.5726,approve
8,298,200,86.2655,78.3113,approve
8,299,200,87.1972,77.5689,approve
8,300,200,82.5943,74.1679,approve
8,301,200,82.3932,74.0114,approve
8,302,200,80.7639,72.1219,approve
8,303,200,82.1515,72.4365,approve
8,304,200,82.5032,74.5444,approve
8,305,200,82.7977,74.5018,approve
8,306,200,83.3186,75.3683,approve
8,307,200,81.5411,73.8228,approve
8,308,200,81.119,73.1359,approve
8,309,200,81.9616,72.4233,approve
8,310,200,82.525,74.0797,approve
8,311,200,81.6235,72.7928,approve
8,312,200,82.197,73.6566,approve
8,313,200,81.9596,73.666,approve
8,314,200,81.8207,73.7541,approve
8,315,200,82.7822,73.9358,approve
8,316,200,83.021,75.3464,approve
8,317,200,81.0799,73.127,approve
8,318,200,81.0548,72.3689,approve
8,319,200,80.4863,72.1553,approve
8,320,200,80.7517,71.6459,approve
8,321,200,80.9249,72.6723,approve
8,322,200,80.6265,72.7095,approve
8,323,200,79.4773,71.5719,approve
8,324,200,79.5407,71.4111,approve
8,325,200,80.6565,71.6041,approve
8,326,200,80.7802,72.3256,approve
8,327,200,80.5336,72.2318,approve
8,328,200,79.32,71.6611,approve
8,329,200,79.3928,71.2001,approve
8,330,200,79.1005,71.1942,approve
8,331,200,80.6817,72.0856,approve
8,332,200,80.4842,72.9361,approve
8,333,200,79.8009,71.0258,approve
8,334,200,82.1044,72.2979,approve
8,335,200,83.4812,74.4322,approve
8,336,200,84.4557,75.7412,approve
8,337,200,85.0639,76.7647,approve
8,338,200,86.8135,77.1308,approve
8,339,200,85.7588,78.1784,approve
8,340,200,85.2697,77.8019,approve
8,341,200,85.0571,76.6257,approve
8,342,200,81.8714,73.5584,approve
8,343,200,80.5916,72.4702,approve
8,344,200,81.5909,71.8371,approve
8,345,200,85.1378,75.5351,approve
8,346,200,84.3644,76.1803,approve
8,347,200,84.0504,76.619,approve
8,348,200,84.7194,77.0949,approve
8,349,200,84.6549,76.9917,approve
8,350,200,86.1495,76.7449,approve
8,351,200,88.462,78.8953,approve
8,352,200,87.4162,76.7553,approve
8,353,200,84.0569,75.2527,approve
8,354,200,83.6031,75.3075,approve
8,355,200,85.068,75.5813,approve
8,356,200,84.9083,77.2237,approve
8,357,200,85.2002,77.2138,approve
8,358,200,84.463,75.3834,approve
8,359,200,84.5108,74.2181,approve
8,360,200,83.7356,75.3574,approve
8,361,200,82.7753,74.79,approve
8,362,200,82.4655,74.7476,approve
8,363,200,80.8052,72.827,approve
8,364,200,83.1673,73.3034,approve
8,365,200,83.5133,74.9651,approve
8,366,200,83.118,74.8482,approve
8,367,200,82.9989,74.4696,approve
8,368,200,84.5208,75.1552,approve
8,369,200,84.6614,76.392,approve
8,370,200,85.198,76.9612,approve
8,371,200,85.2665,77.3698,approve
8,372,200,82.669,75.1529,approve
8,373,200,83.634,74.1624,approve
8,374,200,83.4211,73.9421,approve
8,375,200,81.2362,72.8247,approve
8,376,200,80.4186,71.6981,approve
8,377,200,79.4247,71.5147,approve
8,378,200,79.4901,70.98,approve
8,379,200,80.6263,71.4858,approve
8,380,200,81.7163,73.5202,approve
8,381,200,80.9458,72.5413,approve
8,382,200,83.336,73.4314,approve
8,383,200,84.9598,76.1936,approve
8,384,200,86.0715,77.9031,approve
8,385,200,87.3606,78.9572,approve
8,386,200,94.4128,79.1763,approve
8,387,200,87.5708,79.4114,approve
8,388,200,87.6559,79.4537,approve
8,389,200,92.3635,78.7073,approve
8,390,200,86.0484,75.8395,approve
8,391,200,85.7572,76.6004,approve
8,392,200,84.2204,76.1812,approve
8,393,200,83.6993,75.5454,approve
8,394,200,76.2417,71.2636,approve
8,395,200,81.7768,73.7494,approve
8,396,200,81.8086,73.0333,approve
8,397,200,78.4136,72.1751,approve
8,398,200,82.682,73.01,approve
8,399,200,81.6272,73.0994,approve
8,400,200,81.368,73.5187,approve
8,401,200,82.7055,73.2402,approve
8,402,200,83.5182,75.4098,approve
8,403,200,83.5255,75.6896,approve
8,404,200,82.8359,74.0452,approve
8,405,200,80.7293,72.7621,approve
8,406,200,80.9609,72.5322,approve
8,407,200,82.3134,72.9893,approve
8,408,200,82.3662,74.328,approve
8,409,200,81.1291,72.1123,approve
8,410,200,80.8001,72.3216,approve
8,411,200,81.2193,72.7929,approve
8,412,200,81.8898,73.0507,approve
8,413,200,81.8089,73.7403,approve
8,414,200,81.5267,72.8717,approve
8,415,200,79.8715,71.5494,approve
8,416,200,82.1835,73.9328,approve
8,417,200,83.4971,74.2433,approve
8,418,200,82.9633,74.7246,approve
8,419,200,82.6505,75.0175,approve
8,420,200,81.5171,74.08,approve
8,421,200,81.5496,73.3942,approve
8,422,200,82.6119,73.3155,approve
8,423,200,82.2094,72.6021,approve
8,424,200,80.3122,71.9234,approve
8,425,200,78.9533,71.3616,approve
8,426,200,78.828,71.1436,approve
8,427,200,79.9423,70.7622,approve
8,428,200,79.5979,72.1664,approve
8,429,200,79.4725,71.6089,approve
8,430,200,80.5444,71.8448,approve
8,431,200,82.8388,73.1652,approve
8,432,200,82.8828,74.7416,approve
8,433,200,83.2677,74.9998,approve
8,434,200,83.7953,75.9214,approve
8,435,200,85.175,75.1513,approve
8,436,200,89.5234,76.9228,approve
8,437,200,92.2774,80.881,approve
8,438,200,90.1636,81.6675,approve
8,439,200,89.6696,80.3858,approve
8,440,200,90.2753,81.7586,approve
8,441,200,91.4908,81.9239,approve
8,442,200,92.2438,83.7897,approve
8,443,200,90.4954,82.958,approve
8,444,200,86.8808,78.8822,approve
8,445,200,84.6621,76.3732,approve
8,446,200,85.072,75.9271,approve
8,447,200,84.6849,75.0311,approve
8,448,200,84.004,76.0381,approve
8,449,200,153.6207,73.9307,approve
8,450,200,146.2989,138.3225,approve
8,451,200,147.486,139.1485,approve
8,452,200,147.9679,139.8807,approve
8,453,200,149.3267,139.4478,approve
8,454,200,149.2683,141.0083,approve
8,455,200,148.8914,140.0291,approve
8,456,200,148.989,140.5481,approve
8,457,200,78.7285,73.3895,approve
8,458,200,87.569,77.2213,approve
8,459,200,86.4304,77.9722,approve
8,460,200,85.6794,77.9527,approve
8,461,200,84.4737,76.3789,approve
8,462,200,83.8039,75.2347,approve
8,463,200,83.6057,75.2247,approve
8,464,200,84.2921,74.613,approve
8,465,200,83.2953,74.655,approve
8,466,200,80.86,72.5605,approve
8,467,200,80.7072,72.4715,approve
8,468,200,80.7505,72.531,approve
8,469,200,80.6036,72.5031,approve
8,470,200,83.2589,73.0363,approve
8,471,200,84.3827,75.3547,approve
8,472,200,84.5615,76.1835,approve
8,473,200,85.6567,76.4416,approve
8,474,200,85.9737,77.5258,approve
8,475,200,86.4316,77.6461,approve
8,476,200,86.7273,78.7507,approve
8,477,200,86.0577,77.8039,approve
8,478,200,83.9523,74.951,approve
8,479,200,83.4096,73.5971,approve
8,480,200,82.2123,74.2781,approve
8,481,200,82.4197,73.3021,approve
8,482,200,81.8493,73.6889,approve
8,483,200,80.9575,72.8969,approve
8,484,200,81.3393,73.2299,approve
8,485,200,82.0153,73.5218,approve
8,486,200,84.2395,74.2949,approve
8,487,200,83.3066,75.1504,approve
8,488,200,82.9494,75.0645,approve
8,489,200,81.596,73.937,approve
8,490,200,82.9348,73.9419,approve
8,491,200,83.5166,75.3031,approve
8,492,200,83.3976,74.8555,approve
8,493,200,82.9086,73.7865,approve
8,494,200,79.3519,71.1153,approve
8,495,200,80.4396,70.785,approve
8,496,200,80.2393,72.1362,approve
8,497,200,79.8236,71.6327,approve
8,498,200,77.6331,69.6358,approve
8,499,200,76.1335,68.8118,approve
16,0,200,55.1585,10.1554,approve
16,1,200,66.3581,22.2197,approve
16,2,200,74.7279,32.0744,approve
16,3,200,83.8161,42.7254,approve
16,4,200,92.7847,52.991,approve
16,5,200,123.588,84.1215,approve
16,6,200,174.1232,135.4929,approve
16,7,200,202.7498,165.6624,approve
16,8,200,110.5157,74.4027,approve
16,9,200,128.3991,93.6543,approve
16,10,200,136.973,103.1612,approve
16,11,200,146.0201,113.3624,approve
16,12,200,156.8878,123.9108,approve
16,13,200,176.5282,146.2019,approve
16,14,200,184.8669,155.6919,approve
16,15,200,91.4159,62.1671,approve
16,16,200,168.6324,157.6893,approve
16,17,200,165.6755,158.1756,approve
16,18,200,165.5045,157.2984,approve
16,19,200,165.5291,156.3766,approve
16,20,200,165.9289,157.3918,approve
16,21,200,166.5173,156.2715,approve
16,22,200,167.3728,158.6552,approve
16,23,200,171.2093,162.0403,approve
16,24,200,173.6499,164.7632,approve
16,25,200,181.604,165.9442,approve
16,26,200,179.9234,168.0571,approve
16,27,200,178.7414,170.3629,approve
16,28,200,179.5718,170.4849,approve
16,29,200,179.2934,171.3645,approve
16,30,200,179.4159,171.1703,approve
16,31,200,182.6566,172.5995,approve
16,32,200,188.7235,173.8688,approve
16,33,200,183.5702,175.3242,approve
16,34,200,184.7225,176.2854,approve
16,35,200,185.1053,176.337,approve
16,36,200,184.5119,176.1801,approve
16,37,200,185.2758,174.9645,approve
16,38,200,183.2803,173.6638,approve
16,39,200,179.9926,171.2988,approve
16,40,200,178.4959,170.0678,approve
16,41,200,170.5313,163.911,approve
16,42,200,172.2767,163.1968,approve
16,43,200,176.9897,164.6611,approve
16,44,200,174.861,166.2848,approve
16,45,200,174.715,166.8179,approve
16,46,200,175.6928,166.5368,approve
16,47,200,173.4596,164.7347,approve
16,48,200,168.1581,160.6455,approve
16,49,200,175.0795,165.6793,approve
16,50,200,174.0434,165.4059,approve
16,51,200,173.7347,165.2459,approve
16,52,200,176.2338,165.9304,approve
16,53,200,173.6457,165.2716,approve
16,54,200,174.4781,166.19,approve
16,55,200,175.1448,166.2264,approve
16,56,200,174.6677,166.5613,approve
16,57,200,175.2653,166.6928,approve
16,58,200,177.4709,166.4572,approve
16,59,200,172.2742,165.6057,approve
16,60,200,173.9091,165.4441,approve
16,61,200,173.7676,165.05,approve
16,62,200,172.5083,164.7425,approve
16,63,200,173.4418,163.9169,approve
16,64,200,172.0473,162.1258,approve
16,65,200,171.3128,163.317,approve
16,66,200,172.6716,163.7168,approve
16,67,200,174.6855,165.4089,approve
16,68,200,174.9772,165.7959,approve
16,69,200,176.0115,166.8599,approve
16,70,200,179.1913,168.7234,approve
16,71,200,178.107,169.7416,approve
16,72,200,178.3354,170.1288,approve
16,73,200,177.864,169.0965,approve
16,74,200,176.352,167.0933,approve
16,75,200,176.3688,167.6679,approve
16,76,200,176.5897,167.8579,approve
16,77,200,176.1448,168.5478,approve
16,78,200,176.2188,167.7581,approve
16,79,200,175.6459,166.5421,approve
16,80,200,178.4721,166.2656,approve
16,81,200,175.9076,167.2788,approve
16,82,200,175.0311,166.646,approve
16,83,200,174.9387,164.2177,approve
16,84,200,172.7672,163.8645,approve
16,85,200,173.2297,161.7137,approve
16,86,200,170.8677,163.034,approve
16,87,200,171.3546,163.2762,approve
16,88,200,171.2589,162.8361,approve
16,89,200,171.6983,163.1896,approve
16,90,200,171.1619,162.6419,approve
16,91,200,172.4898,163.3167,approve
16,92,200,172.7891,164.367,approve
16,93,200,173.9048,165.0726,approve
16,94,200,174.0284,166.0357,approve
16,95,200,174.8952,166.0363,approve
16,96,200,171.9498,164.9448,approve
16,97,200,175.0333,165.7564,approve
16,98,200,176.2975,166.9948,approve
16,99,200,173.8657,164.8914,approve
16,100,200,173.313,165.0366,approve
16,101,200,173.4872,164.3032,approve
16,102,200,174.6022,164.363,approve
16,103,200,174.4447,166.8011,approve
16,104,200,175.0098,166.7424,approve
16,105,200,174.4951,166.295,approve
16,106,200,174.3749,165.4216,approve
16,107,200,200.5207,190.9919,approve
16,108,200,210.7963,200.7206,approve
16,109,200,212.2684,203.4975,approve
16,110,200,213.1425,203.5086,approve
16,111,200,211.9538,202.8264,approve
16,112,200,211.8548,203.0705,approve
16,113,200,211.9324,202.48,approve
16,114,200,212.1061,202.8432,approve
16,115,200,214.555,205.241,approve
16,116,200,215.9148,206.0639,approve
16,117,200,214.3956,205.44,approve
16,118,200,213.9269,204.5252,approve
16,119,200,215.6903,205.3631,approve
16,120,200,215.3312,207.2639,approve
16,121,200,216.5091,207.1155,approve
16,122,200,217.3062,205.4509,approve
16,123,200,190.9479,173.1497,approve
16,124,200,181.5834,170.3764,approve
16,125,200,180.2053,171.4018,approve
16,126,200,180.1402,171.7342,approve
16,127,200,180.9939,171.2897,approve
16,128,200,180.9599,171.9412,approve
16,129,200,181.9869,172.4215,approve
16,130,200,180.5298,171.2699,approve
16,131,200,179.6698,170.1437,approve
16,132,200,179.7579,170.5122,approve
16,133,200,180.0255,170.7457,approve
16,134,200,179.524,170.2851,approve
16,135,200,179.1882,170.1365,approve
16,136,200,179.0638,171.0043,approve
16,137,200,178.5583,169.3782,approve
16,138,200,183.9217,169.9529,approve
16,139,200,190.9665,175.0573,approve
16,140,200,184.5596,175.3561,approve
16,141,200,184.0991,175.7887,approve
16,142,200,184.4359,175.191,approve
16,143,200,183.1769,173.9166,approve
16,144,200,184.4219,174.1044,approve
16,145,200,181.955,173.9962,approve
16,146,200,181.4523,172.8771,approve
16,147,200,180.9413,171.9461,approve
16,148,200,180.3653,171.9229,approve
16,149,200,180.1713,171.7165,approve
16,150,200,181.3433,171.2089,approve
16,151,200,180.7576,172.4978,approve
16,152,200,179.3726,171.4386,approve
16,153,200,179.3059,170.1788,approve
16,154,200,172.7569,163.6681,approve
16,155,200,164.8514,158.4872,approve
16,156,200,171.1963,161.493,approve
16,157,200,170.3962,162.2713,approve
16,158,200,169.1722,161.3186,approve
16,159,200,169.5899,160.4192,approve
16,160,200,168.5223,159.1418,approve
16,161,200,169.9083,161.0487,approve
16,162,200,170.3451,161.6716,approve
16,163,200,169.4004,160.3568,approve
16,164,200,168.3128,159.8072,approve
16,165,200,167.7501,158.496,approve
16,166,200,167.0798,157.3252,approve
16,167,200,171.9564,159.1251,approve
16,168,200,167.1881,159.122,approve
16,169,200,167.2777,158.9509,approve
16,170,200,167.9775,159.0533,approve
16,171,200,169.0974,159.1043,approve
16,172,200,167.8601,159.9412,approve
16,173,200,168.7796,160.1196,approve
16,174,200,169.0824,160.5472,approve
16,175,200,170.0167,161.4919,approve
16,176,200,170.0247,160.3444,approve
16,177,200,169.1507,160.7622,approve
16,178,200,169.7557,161.1118,approve
16,179,200,169.7408,161.266,approve
16,180,200,171.6875,162.677,approve
16,181,200,174.7383,163.8033,approve
16,182,200,172.9158,164.2402,approve
16,183,200,167.4449,162.3903,approve
16,184,200,173.7256,165.4224,approve
16,185,200,173.1695,164.7327,approve
16,186,200,175.5265,165.3693,approve
16,187,200,176.2962,167.1692,approve
16,188,200,176.5529,167.967,approve
16,189,200,176.0739,168.1566,approve
16,190,200,177.1138,167.7441,approve
16,191,200,176.0226,167.2269,approve
16,192,200,176.0211,166.5069,approve
16,193,200,176.3689,167.2717,approve
16,194,200,175.2551,167.4489,approve
16,195,200,175.5321,166.6187,approve
16,196,200,174.2932,165.0958,approve
16,197,200,171.7232,163.447,approve
16,198,200,173.9348,164.5146,approve
16,199,200,174.8778,165.429,approve
16,200,200,174.7479,166.7431,approve
16,201,200,176.3973,166.7683,approve
16,202,200,174.706,163.9717,approve
16,203,200,173.0859,164.7395,approve
16,204,200,172.9842,164.8817,approve
16,205,200,173.6566,164.5276,approve
16,206,200,172.4948,164.3389,approve
16,207,200,173.419,163.8534,approve
16,208,200,172.8388,164.5991,approve
16,209,200,172.8019,164.5229,approve
16,210,200,173.2184,164.8581,approve
16,211,200,172.9457,164.6387,approve
16,212,200,175.71,165.1413,approve
16,213,200,175.6042,166.3179,approve
16,214,200,173.2725,165.1697,approve
16,215,200,172.7195,164.287,approve
16,216,200,171.8762,163.2118,approve
16,217,200,169.5832,161.9906,approve
16,218,200,171.8557,161.4395,approve
16,219,200,172.3247,163.0666,approve
16,220,200,172.5227,163.8894,approve
16,221,200,172.3943,164.4926,approve
16,222,200,172.166,164.0204,approve
16,223,200,172.6139,162.3213,approve
16,224,200,173.2188,164.4122,approve
16,225,200,172.4552,164.021,approve
16,226,200,172.6589,164.4205,approve
16,227,200,173.078,163.6121,approve
16,228,200,170.411,161.8817,approve
16,229,200,171.756,162.1695,approve
16,230,200,172.6735,164.0152,approve
16,231,200,172.7624,164.4051,approve
16,232,200,174.2736,165.6141,approve
16,233,200,176.2423,166.6143,approve
16,234,200,173.5268,164.52,approve
16,235,200,174.8705,165.3318,approve
16,236,200,173.8739,165.4127,approve
16,237,200,173.0433,165.3097,approve
16,238,200,174.9212,165.4192,approve
16,239,200,174.3789,164.1314,approve
16,240,200,173.3882,165.3585,approve
16,241,200,174.7679,166.0,approve
16,242,200,174.1973,166.1169,approve
16,243,200,174.301,165.398,approve
16,244,200,175.4039,166.0256,approve
16,245,200,175.5711,165.4893,approve
16,246,200,174.9021,166.6414,approve
16,247,200,175.4319,166.6234,approve
16,248,200,174.2488,166.2707,approve
16,249,200,172.3761,164.0584,approve
16,250,200,172.5527,162.3892,approve
16,251,200,172.8065,161.9716,approve
16,252,200,172.575,164.6809,approve
16,253,200,172.9733,164.3309,approve
16,254,200,172.8816,163.2806,approve
16,255,200,172.3522,163.328,approve
16,256,200,172.6816,163.4878,approve
16,257,200,171.5104,163.3397,approve
16,258,200,171.9602,163.7294,approve
16,259,200,172.3996,162.7419,approve
16,260,200,173.062,162.7671,approve
16,261,200,172.6353,163.2233,approve
16,262,200,172.4505,163.4441,approve
16,263,200,171.5284,163.4745,approve
16,264,200,171.6966,163.8418,approve
16,265,200,174.5489,163.6549,approve
16,266,200,174.1945,165.1174,approve
16,267,200,172.7651,164.3006,approve
16,268,200,172.7247,164.6355,approve
16,269,200,172.867,164.6321,approve
16,270,200,172.2868,163.5778,approve
16,271,200,173.2811,163.0056,approve
16,272,200,174.1103,165.6579,approve
16,273,200,174.9224,166.2843,approve
16,274,200,174.738,166.4182,approve
16,275,200,176.1117,165.9589,approve
16,276,200,173.8747,165.0958,approve
16,277,200,174.1702,165.32,approve
16,278,200,175.1199,166.4638,approve
16,279,200,175.0945,166.7998,approve
16,280,200,176.549,167.1519,approve
16,281,200,174.9697,166.4686,approve
16,282,200,174.9233,165.2774,approve
16,283,200,174.831,166.2411,approve
16,284,200,177.6512,168.7417,approve
16,285,200,180.0599,169.6116,approve
16,286,200,181.941,172.6344,approve
16,287,200,184.2575,174.3948,approve
16,288,200,184.5647,175.278,approve
16,289,200,185.8296,177.2928,approve
16,290,200,189.3275,177.7392,approve
16,291,200,190.2834,180.9198,approve
16,292,200,196.8959,182.9941,approve
16,293,200,199.9662,188.6517,approve
16,294,200,200.9612,192.2039,approve
16,295,200,202.9724,193.0429,approve
16,296,200,202.7105,193.7735,approve
16,297,200,203.4917,194.6451,approve
16,298,200,204.8743,195.1501,approve
16,299,200,209.2806,197.9407,approve
16,300,200,208.4399,199.1879,approve
16,301,200,208.0309,198.5164,approve
16,302,200,206.7584,200.3478,approve
16,303,200,204.0968,194.6046,approve
16,304,200,204.3611,193.8529,approve
16,305,200,205.3293,194.667,approve
16,306,200,203.5286,193.2962,approve
16,307,200,205.0068,193.1123,approve
16,308,200,200.437,188.395,approve
16,309,200,198.0239,187.909,approve
16,310,200,199.6516,189.7393,approve
16,311,200,200.8285,191.2266,approve
16,312,200,202.5754,193.3641,approve
16,313,200,203.5162,193.6916,approve
16,314,200,207.1368,194.4781,approve
16,315,200,203.2419,193.8988,approve
16,316,200,204.6063,193.3987,approve
16,317,200,206.7062,195.8908,approve
16,318,200,209.1709,199.014,approve
16,319,200,213.7384,201.3643,approve
16,320,200,215.1809,204.6029,approve
16,321,200,214.1441,203.8944,approve
16,322,200,214.7344,203.4569,approve
16,323,200,212.0027,203.4064,approve
16,324,200,211.7175,201.6228,approve
16,325,200,213.3435,204.8917,approve
16,326,200,212.4274,201.6528,approve
16,327,200,210.0161,200.3612,approve
16,328,200,209.8654,198.9545,approve
16,329,200,210.5963,199.2305,approve
16,330,200,207.9748,197.6421,approve
16,331,200,207.9768,198.5839,approve
16,332,200,208.7652,197.5967,approve
16,333,200,208.3085,196.8897,approve
16,334,200,209.2542,198.1914,approve
16,335,200,216.0689,196.3372,approve
16,336,200,210.9815,200.3836,approve
16,337,200,212.1287,202.6991,approve
16,338,200,211.7062,201.3518,approve
16,339,200,212.6875,202.5028,approve
16,340,200,213.7553,202.7066,approve
16,341,200,214.071,202.5352,approve
16,342,200,213.5606,204.7766,approve
16,343,200,216.49,204.4669,approve
16,344,200,213.4284,203.7977,approve
16,345,200,212.3712,201.5851,approve
16,346,200,211.7267,201.841,approve
16,347,200,213.4295,202.2127,approve
16,348,200,211.0264,200.1447,approve
16,349,200,214.8712,196.7408,approve
16,350,200,204.7793,193.848,approve
16,351,200,195.1978,188.5362,approve
16,352,200,200.79,188.9428,approve
16,353,200,199.3234,189.9901,approve
16,354,200,199.9345,187.9723,approve
16,355,200,200.8974,189.2701,approve
16,356,200,201.4889,192.2927,approve
16,357,200,201.4017,191.0108,approve
16,358,200,201.4043,192.5428,approve
16,359,200,199.5164,190.7876,approve
16,360,200,202.948,191.4465,approve
16,361,200,203.1645,192.3637,approve
16,362,200,207.5255,195.9894,approve
16,363,200,209.2814,200.0976,approve
16,364,200,209.5546,200.8762,approve
16,365,200,205.4088,196.2903,approve
16,366,200,212.3481,203.4016,approve
16,367,200,213.5987,202.762,approve
16,368,200,215.8578,205.8239,approve
16,369,200,217.0306,208.1007,approve
16,370,200,216.3803,205.1629,approve
16,371,200,215.2459,202.9536,approve
16,372,200,216.8064,208.9535,approve
16,373,200,214.6014,204.3163,approve
16,374,200,215.3099,205.9968,approve
16,375,200,214.5897,205.488,approve
16,376,200,214.422,203.3928,approve
16,377,200,214.6592,201.2114,approve
16,378,200,211.2541,197.6403,approve
16,379,200,209.029,199.2809,approve
16,380,200,208.1794,198.6451,approve
16,381,200,208.1457,197.1311,approve
16,382,200,207.7274,196.38,approve
16,383,200,205.5487,192.3835,approve
16,384,200,202.6098,192.5514,approve
16,385,200,202.8587,191.684,approve
16,386,200,202.4428,192.4148,approve
16,387,200,203.1733,195.6117,approve
16,388,200,202.4441,191.8235,approve
16,389,200,207.027,195.115,approve
16,390,200,206.8537,197.0056,approve
16,391,200,207.8288,198.5573,approve
16,392,200,207.06,197.5762,approve
16,393,200,207.3996,196.6097,approve
16,394,200,207.7741,196.9513,approve
16,395,200,218.566,206.6608,approve
16,396,200,232.3436,215.5908,approve
16,397,200,238.2806,225.4688,approve
16,398,200,249.3607,236.0003,approve
16,399,200,258.784,245.9438,approve
16,400,200,265.6733,253.1069,approve
16,401,200,272.8152,260.9863,approve
16,402,200,282.4431,269.6124,approve
16,403,200,289.5509,275.0586,approve
16,404,200,295.192,279.1034,approve
16,405,200,285.6483,275.9949,approve
16,406,200,354.8989,275.3113,approve
16,407,200,347.0292,275.4935,approve
16,408,200,335.3539,274.3751,approve
16,409,200,323.0641,273.6558,approve
16,410,200,309.8664,275.5137,approve
16,411,200,286.273,259.6426,approve
16,412,200,270.1187,247.6373,approve
16,413,200,257.8074,235.1277,approve
16,414,200,246.7633,226.1007,approve
16,415,200,238.7417,219.4904,approve
16,416,200,226.0245,211.6824,approve
16,417,200,218.8419,202.9701,approve
16,418,200,208.0509,194.9735,approve
16,419,200,198.599,184.9234,approve
16,420,200,189.9138,183.3027,approve
16,421,200,196.0155,185.7125,approve
16,422,200,122.4424,100.3113,approve
16,423,200,129.2143,110.9131,approve
16,424,200,138.8065,109.0057,approve
16,425,200,259.1779,216.772,approve
16,426,200,163.6637,131.156,approve
16,427,200,150.4382,121.586,approve
16,428,200,239.1103,133.9773,approve
16,429,200,279.9296,243.2101,approve
16,430,200,245.2988,224.1379,approve
16,431,200,246.0423,235.6429,approve
16,432,200,260.8905,251.3933,approve
16,433,200,258.9961,250.2623,approve
16,434,200,260.6846,250.4011,approve
16,435,200,262.2042,252.4435,approve
16,436,200,267.7242,253.3204,approve
16,437,200,266.5025,256.3537,approve
16,438,200,269.0955,258.7273,approve
16,439,200,269.1317,260.2745,approve
16,440,200,269.1424,258.3972,approve
16,441,200,266.3016,257.6761,approve
16,442,200,265.8337,256.6479,approve
16,443,200,196.7671,185.1283,approve
16,444,200,195.8891,185.8706,approve
16,445,200,194.1683,183.8845,approve
16,446,200,192.9455,183.8788,approve
16,447,200,192.8187,184.0307,approve
16,448,200,193.8013,184.5315,approve
16,449,200,199.7391,184.3084,approve
16,450,200,198.5821,188.4071,approve
16,451,200,198.0342,187.9914,approve
16,452,200,192.6085,183.6895,approve
16,453,200,191.8257,182.4088,approve
16,454,200,190.6398,180.4898,approve
16,455,200,190.277,181.6594,approve
16,456,200,191.2191,181.2398,approve
16,457,200,191.4631,180.7756,approve
16,458,200,191.3526,182.5858,approve
16,459,200,189.9347,181.18,approve
16,460,200,194.8852,184.5964,approve
16,461,200,195.6347,186.3877,approve
16,462,200,196.8356,187.388,approve
16,463,200,196.8687,187.1718,approve
16,464,200,196.2525,187.58,approve
16,465,200,192.0231,181.6017,approve
16,466,200,192.1685,182.2173,approve
16,467,200,193.5851,183.1363,approve
16,468,200,194.7707,184.9532,approve
16,469,200,196.3468,186.1568,approve
16,470,200,194.7936,186.6399,approve
16,471,200,195.8276,186.4585,approve
16,472,200,195.0808,186.005,approve
16,473,200,194.3482,184.7691,approve
16,474,200,195.2584,186.2836,approve
16,475,200,196.6823,182.4189,approve
16,476,200,192.4173,182.8069,approve
16,477,200,191.68,181.651,approve
16,478,200,191.0117,182.2959,approve
16,479,200,192.1608,182.1372,approve
16,480,200,194.0023,183.1404,approve
16,481,200,192.0289,183.2277,approve
16,482,200,192.1571,182.1457,approve
16,483,200,189.8245,180.0289,approve
16,484,200,189.8544,180.3849,approve
16,485,200,190.044,179.2546,approve
16,486,200,189.2538,179.8374,approve
16,487,200,187.9683,178.6446,approve
16,488,200,187.6077,177.9041,approve
16,489,200,186.1796,175.8608,approve
16,490,200,186.1183,174.8384,approve
16,491,200,184.3787,174.5825,approve
16,492,200,183.1674,174.3341,approve
16,493,200,183.6665,173.1594,approve
16,494,200,185.4506,174.4728,approve
16,495,200,183.9575,173.7381,approve
16,496,200,181.0164,171.842,approve
16,497,200,180.9039,171.2842,approve
16,498,200,181.8184,171.7986,approve
16,499,200,180.4599,170.03,approve
