row,transaction_id,event_time,label,fraud_pattern,amount,champion_score,challenger_score,decision,online_latency_ms
0,txn_00001593,2026-01-01T13:16:34+00:00,0,none,34.38,0.31760646589987546,0.2560414419781024,approve,34.2826
1,txn_00001594,2026-01-01T13:17:08+00:00,0,none,74.66,0.2229079236895879,0.13012880897038975,approve,38.0104
2,txn_00001595,2026-01-01T13:17:37+00:00,0,none,135.24,0.19598090701727167,0.10513401059709256,approve,36.5861
3,txn_00001596,2026-01-01T13:18:02+00:00,0,none,108.08,0.19823497282965558,0.11927346419291497,approve,34.2911
4,txn_00001597,2026-01-01T13:18:35+00:00,0,none,114.36,0.2762612122983187,0.16674626199346848,approve,36.8568
5,txn_00001598,2026-01-01T13:19:10+00:00,0,none,89.47,0.20883459431882273,0.11088365204314082,approve,29.2881
6,txn_00001599,2026-01-01T13:19:35+00:00,0,none,72.91,0.32652846900650256,0.2117841139845324,approve,30.6572
7,txn_00002021,2026-01-01T13:20:02+00:00,1,account_takeover,35.13,0.3321756890942198,0.23493664249006585,approve,35.2335
8,txn_00002046,2026-01-01T13:20:02.250000+00:00,1,card_testing,2.86,0.8527959837199401,0.8842417974729487,decline,32.2695
9,txn_00002071,2026-01-01T13:20:02.500000+00:00,1,compromised_merchant,57.03,0.8710635812839059,0.9018523970169366,decline,34.8839
10,txn_00002096,2026-01-01T13:20:02.750000+00:00,1,coordinated_ring,41.65,0.8729449698114706,0.8983708335911094,decline,30.8145
11,txn_00002146,2026-01-01T13:20:03.250000+00:00,1,impossible_travel,203.72,0.7022022658709636,0.6589999501274644,decline,33.3233
12,txn_00002171,2026-01-01T13:20:03.500000+00:00,1,new_device,69.79,0.3963609158430428,0.329958154778401,approve,34.9795
13,txn_00002221,2026-01-01T13:20:04+00:00,1,unusual_merchant,925.77,0.7291002412115808,0.6975007938045708,decline,33.0285
14,txn_00001600,2026-01-01T13:20:05+00:00,0,none,119.46,0.20432602854972048,0.10747274963196861,approve,34.2922
15,txn_00001601,2026-01-01T13:20:35+00:00,0,none,139.56,0.3047904148357543,0.22219293972235005,approve,31.1649
16,txn_00001602,2026-01-01T13:21:05+00:00,0,none,119.87,0.3218356807827535,0.26510343622202515,approve,33.2706
17,txn_00001603,2026-01-01T13:21:35+00:00,0,none,209.67,0.2442571870010636,0.12392685543105797,approve,36.9345
18,txn_00001604,2026-01-01T13:22:02+00:00,0,none,38.51,0.20985999239171196,0.09915993501864072,approve,35.6629
19,txn_00001605,2026-01-01T13:22:33+00:00,0,none,144.9,0.23094728216275673,0.10950204003059744,approve,30.6853
20,txn_00001606,2026-01-01T13:23:09+00:00,0,none,106.17,0.20369142952893093,0.13252013579589367,approve,31.4978
21,txn_00001607,2026-01-01T13:23:32+00:00,0,none,269.86,0.4020176957116053,0.2851460129262781,approve,34.9701
22,txn_00001608,2026-01-01T13:24:07+00:00,0,none,185.96,0.26590648125999183,0.12247347455226643,approve,38.7412
23,txn_00001609,2026-01-01T13:24:38+00:00,0,none,17.02,0.2937835409809366,0.13240422851859524,approve,32.1938
24,txn_00001610,2026-01-01T13:25:09+00:00,0,none,21.09,0.2006602931299831,0.09977091012393728,approve,30.9261
25,txn_00001611,2026-01-01T13:25:37+00:00,0,none,209.14,0.2552179614072462,0.16728935377632875,approve,31.6471
26,txn_00001612,2026-01-01T13:26:07+00:00,0,none,70.6,0.4152551117202105,0.2196622069836869,approve,33.8437
27,txn_00001613,2026-01-01T13:26:32+00:00,0,none,23.19,0.2781357462077383,0.11214048565890593,approve,31.5654
28,txn_00001614,2026-01-01T13:27:03+00:00,0,none,68.83,0.2629325062122206,0.18162501008347556,approve,32.1692
29,txn_00001615,2026-01-01T13:27:35+00:00,0,none,51.75,0.17333000396154347,0.09470150253264231,approve,31.4355
30,txn_00001616,2026-01-01T13:28:00+00:00,0,none,94.87,0.31331053113573143,0.2135820439944373,approve,32.7018
31,txn_00001617,2026-01-01T13:28:34+00:00,0,none,175.84,0.37403332554822133,0.33121638272991905,approve,34.9303
32,txn_00001618,2026-01-01T13:29:04+00:00,0,none,40.78,0.27194244425199954,0.16707474134577707,approve,32.189
33,txn_00001619,2026-01-01T13:29:31+00:00,0,none,232.08,0.268214381441083,0.1463999813629347,approve,33.5315
34,txn_00001620,2026-01-01T13:30:00+00:00,0,none,72.12,0.3536015545386699,0.22263259535450222,approve,31.5058
35,txn_00001621,2026-01-01T13:30:30+00:00,0,none,170.24,0.28881336942998037,0.22811818600264272,approve,34.4577
36,txn_00001622,2026-01-01T13:31:04+00:00,0,none,235.93,0.19650826824923479,0.11806348527210146,approve,40.0456
37,txn_00001623,2026-01-01T13:31:37+00:00,0,none,69.57,0.16145386369844708,0.08757958494981724,approve,36.1861
38,txn_00001624,2026-01-01T13:32:01+00:00,0,none,115.42,0.18794971469912383,0.125519361779452,approve,31.0005
39,txn_00001625,2026-01-01T13:32:33+00:00,0,none,14.85,0.3369261509174752,0.21282630262380298,approve,31.0365
40,txn_00001626,2026-01-01T13:33:09+00:00,0,none,37.18,0.25801976159565865,0.13034198537054528,approve,35.0366
41,txn_00001627,2026-01-01T13:33:35+00:00,0,none,254.71,0.19701094468038882,0.11453361151906069,approve,36.2226
42,txn_00001628,2026-01-01T13:34:04+00:00,0,none,37.7,0.169427996009577,0.08494420342526592,approve,31.8287
43,txn_00001629,2026-01-01T13:34:31+00:00,0,none,197.08,0.1955754526574668,0.12739244151712792,approve,33.7605
44,txn_00001630,2026-01-01T13:35:04+00:00,0,none,22.68,0.3715425057706967,0.23882118175688688,approve,33.5244
45,txn_00001631,2026-01-01T13:35:39+00:00,0,none,99.63,0.32412217802809723,0.21954637031118057,approve,33.6245
46,txn_00001632,2026-01-01T13:36:09+00:00,0,none,158.44,0.2684546302566777,0.18639643711929313,approve,33.4941
47,txn_00001633,2026-01-01T13:36:31+00:00,0,none,171.14,0.2966380590597764,0.22431800722817147,approve,35.198
48,txn_00001634,2026-01-01T13:37:02+00:00,0,none,51.93,0.2916378636843972,0.15002411010207176,approve,31.8616
49,txn_00001635,2026-01-01T13:37:34+00:00,0,none,44.97,0.27436629818810443,0.15530681853659722,approve,34.3982
50,txn_00001636,2026-01-01T13:38:00+00:00,0,none,46.9,0.2919680821993954,0.21345463321303362,approve,33.1174
51,txn_00001637,2026-01-01T13:38:38+00:00,0,none,117.0,0.22558787368509636,0.11805203014318227,approve,32.4099
52,txn_00001638,2026-01-01T13:39:05+00:00,0,none,32.41,0.1970229984505753,0.11183858253408921,approve,30.543
53,txn_00001639,2026-01-01T13:39:34+00:00,0,none,63.74,0.2870705278885492,0.1511641833538324,approve,32.7436
54,txn_00001640,2026-01-01T13:40:02+00:00,0,none,52.1,0.21618693251454552,0.1331928804920737,approve,33.0053
55,txn_00001641,2026-01-01T13:40:33+00:00,0,none,108.73,0.21046332250899125,0.09709384549713015,approve,33.7076
56,txn_00001642,2026-01-01T13:41:00+00:00,0,none,316.75,0.2761775114352711,0.16680359526281563,approve,32.1301
57,txn_00001643,2026-01-01T13:41:30+00:00,0,none,29.53,0.1977475305261559,0.12558711808376932,approve,34.0027
58,txn_00001644,2026-01-01T13:42:03+00:00,0,none,208.57,0.21342752136776527,0.11421791818784147,approve,30.5478
59,txn_00001645,2026-01-01T13:42:38+00:00,0,none,85.91,0.3194491577517533,0.22416215785958116,approve,33.3164
60,txn_00001646,2026-01-01T13:43:04+00:00,0,none,29.3,0.16721524983785274,0.09004079888221964,approve,30.4516
61,txn_00001647,2026-01-01T13:43:39+00:00,0,none,115.31,0.3400277728205314,0.24033862424812874,approve,30.4412
62,txn_00001648,2026-01-01T13:44:07+00:00,0,none,11.72,0.31132200665159143,0.1294461338033392,approve,33.7701
63,txn_00001649,2026-01-01T13:44:34+00:00,0,none,59.27,0.1924124056863704,0.10030546551801608,approve,34.6246
64,txn_00001650,2026-01-01T13:45:00+00:00,0,none,73.97,0.3038113036907005,0.16826171208551813,approve,32.3647
65,txn_00001651,2026-01-01T13:45:36+00:00,0,none,462.24,0.2749118395032214,0.15598957546726294,approve,33.544
66,txn_00001652,2026-01-01T13:46:05+00:00,0,none,37.8,0.2112714973187066,0.10788308112965184,approve,27.4597
67,txn_00001653,2026-01-01T13:46:34+00:00,0,none,218.96,0.28909216674497956,0.1670660789819456,approve,31.5957
68,txn_00001654,2026-01-01T13:47:10+00:00,0,none,123.51,0.3052843010979977,0.2724052254194215,approve,30.8639
69,txn_00001655,2026-01-01T13:47:37+00:00,0,none,34.61,0.2733985732657248,0.15838271185272954,approve,31.1061
70,txn_00001656,2026-01-01T13:48:00+00:00,0,none,61.7,0.38868715731473474,0.32952618397535943,approve,31.9902
71,txn_00001657,2026-01-01T13:48:40+00:00,0,none,33.77,0.22691869216935176,0.1348543326700648,approve,34.6554
72,txn_00001658,2026-01-01T13:49:08+00:00,0,none,36.46,0.26756875274374836,0.15307939007619334,approve,32.427
73,txn_00001659,2026-01-01T13:49:39+00:00,0,none,142.89,0.22212782025046637,0.1144584190234573,approve,30.5406
74,txn_00001660,2026-01-01T13:50:00+00:00,0,none,235.25,0.1885558031969805,0.11558420491223059,approve,31.433
75,txn_00001661,2026-01-01T13:50:34+00:00,0,none,226.24,0.2771733643280514,0.16506082611517084,approve,34.3004
76,txn_00001662,2026-01-01T13:51:05+00:00,0,none,53.84,0.2993038113770897,0.18916436968137487,approve,34.9562
77,txn_00001663,2026-01-01T13:51:32+00:00,0,none,102.87,0.3261487360691914,0.22632379762818727,approve,33.5986
78,txn_00001664,2026-01-01T13:52:09+00:00,0,none,31.23,0.2061107390435798,0.10886911752224981,approve,31.0144
79,txn_00001665,2026-01-01T13:52:33+00:00,0,none,78.95,0.22282732193846458,0.10969142338712794,approve,33.1251
80,txn_00001666,2026-01-01T13:53:04+00:00,0,none,57.06,0.2999878289848777,0.25651272923823976,approve,33.2302
81,txn_00002022,2026-01-01T13:53:24+00:00,1,account_takeover,38.54,0.24271892804747752,0.13282605971066988,approve,33.7973
82,txn_00002047,2026-01-01T13:53:24.250000+00:00,1,card_testing,1.03,0.8417189596422494,0.8841191964202159,decline,29.8847
83,txn_00002072,2026-01-01T13:53:24.500000+00:00,1,compromised_merchant,77.64,0.864706378515159,0.9014239154407945,decline,30.9423
84,txn_00002097,2026-01-01T13:53:24.750000+00:00,1,coordinated_ring,157.77,0.8938384549844868,0.925069765858599,decline,37.1447
85,txn_00002147,2026-01-01T13:53:25.250000+00:00,1,impossible_travel,156.1,0.6532690582617593,0.6633431706738364,decline,34.4133
86,txn_00002172,2026-01-01T13:53:25.500000+00:00,1,new_device,69.87,0.47918770202453354,0.40343585854515224,approve,31.1217
87,txn_00002222,2026-01-01T13:53:26+00:00,1,unusual_merchant,3651.83,0.7791704356774184,0.8501012737378083,decline,31.2242
88,txn_00001667,2026-01-01T13:53:39+00:00,0,none,46.16,0.17167505762886237,0.09100604983377172,approve,33.2815
89,txn_00001668,2026-01-01T13:54:04+00:00,0,none,358.16,0.3307957029755148,0.19913547277430832,approve,33.7432
90,txn_00001669,2026-01-01T13:54:35+00:00,0,none,170.93,0.32910416766031836,0.26608330758583426,approve,42.674
91,txn_00001670,2026-01-01T13:55:10+00:00,0,none,92.74,0.22264063764481304,0.1207953421218182,approve,36.1466
92,txn_00001671,2026-01-01T13:55:36+00:00,0,none,315.82,0.3265435122699878,0.2648366430102923,approve,33.886
93,txn_00001672,2026-01-01T13:56:00+00:00,0,none,42.27,0.2121752848603931,0.10962499842047842,approve,30.6912
94,txn_00001673,2026-01-01T13:56:31+00:00,0,none,65.56,0.21170790118987867,0.14361788752019466,approve,31.8716
95,txn_00001674,2026-01-01T13:57:09+00:00,0,none,141.04,0.24439202204170163,0.12408347702682854,approve,34.0666
96,txn_00001675,2026-01-01T13:57:37+00:00,0,none,110.87,0.2280731689067389,0.11849832138747327,approve,37.965
97,txn_00001676,2026-01-01T13:58:09+00:00,0,none,10.86,0.21288674282272074,0.1225594038807587,approve,36.7466
98,txn_00001677,2026-01-01T13:58:38+00:00,0,none,327.64,0.20432914344266748,0.10130819452907297,approve,32.7809
99,txn_00001678,2026-01-01T13:59:02+00:00,0,none,150.21,0.18172997539551525,0.09534968512764005,approve,34.7001
100,txn_00001679,2026-01-01T13:59:34+00:00,0,none,113.57,0.31854222740787086,0.22386674977791662,approve,36.4431
101,txn_00001680,2026-01-01T14:00:09+00:00,0,none,57.35,0.29651074150589773,0.17271676216416235,approve,35.1154
102,txn_00001681,2026-01-01T14:00:38+00:00,0,none,166.52,0.19738013354802478,0.10318651117961061,approve,35.8616
103,txn_00001682,2026-01-01T14:01:08+00:00,0,none,199.58,0.3444237981668538,0.30488918833802925,approve,34.4939
104,txn_00001683,2026-01-01T14:01:35+00:00,0,none,69.12,0.6686610892997877,0.6948462342177574,decline,31.8061
105,txn_00001684,2026-01-01T14:02:04+00:00,0,none,27.94,0.2759874031556325,0.11922561469220608,approve,31.7766
106,txn_00001685,2026-01-01T14:02:36+00:00,0,none,340.23,0.3264205281714633,0.2447704199450602,approve,32.4184
107,txn_00001686,2026-01-01T14:03:02+00:00,0,none,91.25,0.516746070051066,0.3985463599305039,approve,32.2941
108,txn_00001687,2026-01-01T14:03:40+00:00,0,none,390.72,0.3791376264966907,0.2205288621958581,approve,31.4632
109,txn_00001688,2026-01-01T14:04:09+00:00,0,none,218.6,0.18025666290201847,0.09733804953602021,approve,32.2658
110,txn_00001689,2026-01-01T14:04:33+00:00,0,none,105.5,0.31330157962901223,0.21013283959214762,approve,34.6528
111,txn_00001690,2026-01-01T14:05:04+00:00,0,none,48.95,0.2615030173450811,0.16637585580261546,approve,39.0431
112,txn_00001691,2026-01-01T14:05:30+00:00,0,none,85.36,0.46761495244850604,0.40399213465904704,approve,36.543
113,txn_00001692,2026-01-01T14:06:05+00:00,0,none,135.98,0.32064391374413437,0.22039638693370012,approve,34.9062
114,txn_00001693,2026-01-01T14:06:36+00:00,0,none,104.2,0.33349336991665623,0.32554246847829305,approve,34.8456
115,txn_00001694,2026-01-01T14:07:03+00:00,0,none,188.19,0.2648841269540485,0.19403036954123073,approve,32.8125
116,txn_00001695,2026-01-01T14:07:38+00:00,0,none,200.02,0.3217476197059439,0.17214161957567803,approve,36.7533
117,txn_00001696,2026-01-01T14:08:03+00:00,0,none,83.86,0.18530352968450214,0.11238646718015236,approve,37.8411
118,txn_00001697,2026-01-01T14:08:37+00:00,0,none,35.23,0.23424635148925557,0.10668667776662827,approve,38.4877
119,txn_00001698,2026-01-01T14:09:05+00:00,0,none,50.52,0.56629209209379,0.45097060451606713,review,39.1504
120,txn_00001699,2026-01-01T14:09:32+00:00,0,none,26.14,0.20896277213440673,0.09321434611451465,approve,33.4364
121,txn_00001700,2026-01-01T14:10:05+00:00,0,none,34.99,0.28609727502283305,0.19904145577099402,approve,39.3913
122,txn_00001701,2026-01-01T14:10:33+00:00,0,none,358.11,0.4114330948467413,0.22817879587031284,approve,34.3688
123,txn_00001702,2026-01-01T14:11:09+00:00,0,none,96.55,0.2007817992045378,0.10414067642713992,approve,32.5135
124,txn_00001703,2026-01-01T14:11:31+00:00,0,none,388.13,0.31765065037452106,0.2373849441178879,approve,33.508
125,txn_00001704,2026-01-01T14:12:01+00:00,0,none,264.68,0.29876222482289044,0.1549029835872136,approve,32.444
126,txn_00001705,2026-01-01T14:12:36+00:00,0,none,219.61,0.29772179960416845,0.1646745496083965,approve,34.4935
127,txn_00001706,2026-01-01T14:13:02+00:00,0,none,128.43,0.20811768559184718,0.14254075725591497,approve,39.168
128,txn_00001707,2026-01-01T14:13:33+00:00,0,none,154.27,0.26105348050707494,0.14345465873082835,approve,33.6072
129,txn_00001708,2026-01-01T14:14:00+00:00,0,none,135.42,0.2982318537416102,0.25364789695864554,approve,32.3562
130,txn_00001709,2026-01-01T14:14:36+00:00,0,none,236.14,0.22998985913279416,0.15570277465056667,approve,30.7182
131,txn_00001710,2026-01-01T14:15:09+00:00,0,none,615.44,0.31427856281649963,0.13816501088319413,approve,35.4905
132,txn_00001711,2026-01-01T14:15:32+00:00,0,none,125.43,0.34048175806352665,0.2448652588313467,approve,35.3104
133,txn_00001712,2026-01-01T14:16:04+00:00,0,none,127.0,0.19790167189086236,0.10186245386907355,approve,32.8639
134,txn_00001713,2026-01-01T14:16:33+00:00,0,none,107.9,0.25966844991940713,0.16420488704138655,approve,33.9317
135,txn_00001714,2026-01-01T14:17:09+00:00,0,none,213.47,0.23914264364240087,0.14284221713638456,approve,35.3104
136,txn_00001715,2026-01-01T14:17:32+00:00,0,none,182.97,0.25172925522273043,0.18046924698898087,approve,35.607
137,txn_00001716,2026-01-01T14:18:10+00:00,0,none,77.51,0.32463363234839754,0.22146045140049336,approve,32.6941
138,txn_00001717,2026-01-01T14:18:35+00:00,0,none,22.82,0.32958114763556573,0.23846302372041234,approve,32.5301
139,txn_00001718,2026-01-01T14:19:01+00:00,0,none,57.35,0.3018343136937877,0.24799181274713714,approve,38.007
140,txn_00001719,2026-01-01T14:19:39+00:00,0,none,63.19,0.25109657631037297,0.1360707031635509,approve,37.4412
141,txn_00001720,2026-01-01T14:20:07+00:00,0,none,97.93,0.19179264681025832,0.09986641555763887,approve,39.6429
142,txn_00001721,2026-01-01T14:20:35+00:00,0,none,25.75,0.33804608194025365,0.22309953961294973,approve,36.3286
143,txn_00001722,2026-01-01T14:21:04+00:00,0,none,110.63,0.3018265214961448,0.24015425651962047,approve,43.7146
144,txn_00001723,2026-01-01T14:21:35+00:00,0,none,53.11,0.1842763110985358,0.10448844414676882,approve,35.7704
145,txn_00001724,2026-01-01T14:22:08+00:00,0,none,63.29,0.2585361008808316,0.15021988881130657,approve,38.5959
146,txn_00001725,2026-01-01T14:22:34+00:00,0,none,115.3,0.3323393570506676,0.2533471151307341,approve,36.9107
147,txn_00001726,2026-01-01T14:23:06+00:00,0,none,40.07,0.31165505166986307,0.19359470487991293,approve,38.5332
148,txn_00001727,2026-01-01T14:23:34+00:00,0,none,442.33,0.2790754537385919,0.16974755500153377,approve,37.6742
149,txn_00001728,2026-01-01T14:24:02+00:00,0,none,80.04,0.19291812647752152,0.09874531031268116,approve,41.7198
150,txn_00001729,2026-01-01T14:24:38+00:00,0,none,53.58,0.5293896042829879,0.3730841853615379,approve,41.2683
151,txn_00001730,2026-01-01T14:25:03+00:00,0,none,62.17,0.365094854623422,0.16629957740658657,approve,41.3945
152,txn_00001731,2026-01-01T14:25:30+00:00,0,none,95.52,0.21316714003828743,0.1164545541614677,approve,38.9692
153,txn_00001732,2026-01-01T14:26:03+00:00,0,none,60.05,0.16782096758080772,0.10408826432999657,approve,32.844
154,txn_00001733,2026-01-01T14:26:40+00:00,0,none,36.37,0.2955002386420458,0.20048722554971216,approve,33.7248
155,txn_00002023,2026-01-01T14:26:46+00:00,1,account_takeover,55.78,0.3796025427128652,0.24444816248312437,approve,33.1062
156,txn_00002048,2026-01-01T14:26:46.250000+00:00,1,card_testing,2.44,0.8930862641998899,0.9098918375653203,decline,34.9897
157,txn_00002073,2026-01-01T14:26:46.500000+00:00,1,compromised_merchant,15.44,0.871382691661969,0.9025824953249576,decline,32.0377
158,txn_00002098,2026-01-01T14:26:46.750000+00:00,1,coordinated_ring,61.52,0.8758387606966577,0.9115307823571684,decline,34.4888
159,txn_00002148,2026-01-01T14:26:47.250000+00:00,1,impossible_travel,17.66,0.6431857630330864,0.6869198087286673,decline,34.3868
160,txn_00002173,2026-01-01T14:26:47.500000+00:00,1,new_device,281.15,0.43186671460491394,0.33652350347667587,approve,35.3049
161,txn_00002223,2026-01-01T14:26:48+00:00,1,unusual_merchant,1608.13,0.7806028582786272,0.8313991335857076,decline,31.4281
162,txn_00001734,2026-01-01T14:27:02+00:00,0,none,163.68,0.2816427647982289,0.1266924623575478,approve,33.003
163,txn_00001735,2026-01-01T14:27:35+00:00,0,none,88.27,0.291644078063887,0.1892613667134085,approve,30.2252
164,txn_00001736,2026-01-01T14:28:00+00:00,0,none,103.13,0.18205699746369858,0.12370198445410166,approve,34.7388
165,txn_00001737,2026-01-01T14:28:34+00:00,0,none,30.88,0.3120751373202236,0.20461164680801638,approve,34.1073
166,txn_00001738,2026-01-01T14:29:09+00:00,0,none,20.42,0.21238221188946893,0.12843961389163316,approve,33.8744
167,txn_00001739,2026-01-01T14:29:34+00:00,0,none,57.41,0.25898273207689476,0.1646878975713012,approve,33.2559
168,txn_00001740,2026-01-01T14:30:09+00:00,0,none,54.58,0.28129648294546017,0.1396424424258325,approve,32.3995
169,txn_00001741,2026-01-01T14:30:31+00:00,0,none,74.4,0.36967303227187115,0.4021301160213472,approve,32.5234
170,txn_00001742,2026-01-01T14:31:07+00:00,0,none,45.89,0.19722232106069967,0.10214389068526447,approve,35.9074
171,txn_00001743,2026-01-01T14:31:34+00:00,0,none,28.86,0.23682050464101867,0.14252400411013116,approve,31.3615
172,txn_00001744,2026-01-01T14:32:04+00:00,0,none,17.02,0.19898060909755425,0.09961117869361988,approve,35.1493
173,txn_00001745,2026-01-01T14:32:38+00:00,0,none,233.46,0.3761368062726657,0.28829957058884775,approve,34.7889
174,txn_00001746,2026-01-01T14:33:03+00:00,0,none,42.74,0.2284088096174628,0.11865416551856878,approve,38.8662
175,txn_00001747,2026-01-01T14:33:40+00:00,0,none,16.33,0.25375377416322376,0.11687862218062033,approve,37.1505
176,txn_00001748,2026-01-01T14:34:07+00:00,0,none,155.3,0.3620635352249351,0.3033380762132626,approve,37.4227
177,txn_00001749,2026-01-01T14:34:39+00:00,0,none,182.74,0.22437151012279982,0.1432549598876669,approve,36.8167
178,txn_00001750,2026-01-01T14:35:08+00:00,0,none,307.14,0.3431635308232204,0.2476940232371852,approve,36.4215
179,txn_00001751,2026-01-01T14:35:37+00:00,0,none,46.45,0.208363249749559,0.10293827769193928,approve,46.8958
180,txn_00001752,2026-01-01T14:36:04+00:00,0,none,323.54,0.34905084251051505,0.24551252948619903,approve,38.9947
181,txn_00001753,2026-01-01T14:36:30+00:00,0,none,127.46,0.3966386739860774,0.39604809721744527,approve,42.3913
182,txn_00001754,2026-01-01T14:37:09+00:00,0,none,118.94,0.35133946644129677,0.21457999051581117,approve,42.5299
183,txn_00001755,2026-01-01T14:37:34+00:00,0,none,42.44,0.24554458628055287,0.17964401850543069,approve,37.6264
184,txn_00001756,2026-01-01T14:38:07+00:00,0,none,235.09,0.25897938574678275,0.1864900545097222,approve,33.4172
185,txn_00001757,2026-01-01T14:38:34+00:00,0,none,570.75,0.39166250716287576,0.2125554967426155,approve,38.1341
186,txn_00001758,2026-01-01T14:39:10+00:00,0,none,66.56,0.19537304136011102,0.09815351708660279,approve,34.1512
187,txn_00001759,2026-01-01T14:39:39+00:00,0,none,73.94,0.21473196382150084,0.13396459104167743,approve,35.5062
188,txn_00001760,2026-01-01T14:40:09+00:00,0,none,29.43,0.41551327860406545,0.24977787966553183,approve,41.5554
189,txn_00001761,2026-01-01T14:40:33+00:00,0,none,166.6,0.31191570089075205,0.21383559594700954,approve,37.932
190,txn_00001762,2026-01-01T14:41:02+00:00,0,none,144.65,0.17395552142048223,0.1092564460341923,approve,32.4902
191,txn_00001763,2026-01-01T14:41:31+00:00,0,none,241.98,0.31515886831702183,0.2340598328413198,approve,34.4258
192,txn_00001764,2026-01-01T14:42:08+00:00,0,none,209.06,0.3034387191335551,0.2626566155409925,approve,36.6883
193,txn_00001765,2026-01-01T14:42:38+00:00,0,none,76.09,0.2154363379091505,0.1024409708336522,approve,35.4549
194,txn_00001766,2026-01-01T14:43:05+00:00,0,none,83.52,0.2020639844189023,0.12533895873818962,approve,36.1616
195,txn_00001767,2026-01-01T14:43:36+00:00,0,none,109.58,0.24062881611012368,0.12668672546114765,approve,45.034
196,txn_00001768,2026-01-01T14:44:06+00:00,0,none,124.24,0.2179705486735291,0.13464547414167083,approve,35.9344
197,txn_00001769,2026-01-01T14:44:30+00:00,0,none,105.43,0.2908100974954527,0.20435719708338657,approve,34.1572
198,txn_00001770,2026-01-01T14:45:06+00:00,0,none,66.08,0.3542692618926111,0.3394713381517332,approve,41.1747
199,txn_00001771,2026-01-01T14:45:37+00:00,0,none,208.31,0.3131421778293714,0.23414446721818555,approve,40.3989
200,txn_00001772,2026-01-01T14:46:09+00:00,0,none,99.62,0.41868056128170333,0.37285525324939894,approve,34.8077
201,txn_00001773,2026-01-01T14:46:31+00:00,0,none,138.72,0.2853462317140039,0.15007654083469,approve,31.9777
202,txn_00001774,2026-01-01T14:47:01+00:00,0,none,62.62,0.40821723273707783,0.3032728036310907,approve,33.8445
203,txn_00001775,2026-01-01T14:47:37+00:00,0,none,134.44,0.22139896693976263,0.14322815213079454,approve,33.5655
204,txn_00001776,2026-01-01T14:48:08+00:00,0,none,69.68,0.19881063287079803,0.10330578049695291,approve,35.8222
205,txn_00001777,2026-01-01T14:48:37+00:00,0,none,200.94,0.33623326631783723,0.22663821192071873,approve,34.2146
206,txn_00001778,2026-01-01T14:49:10+00:00,0,none,269.46,0.3623865187616383,0.2511359164193152,approve,34.5419
207,txn_00001779,2026-01-01T14:49:39+00:00,0,none,44.65,0.3366715745833418,0.20600704328287164,approve,42.1095
208,txn_00001780,2026-01-01T14:50:03+00:00,0,none,52.2,0.25051582054067606,0.1515382105681311,approve,38.1715
209,txn_00001781,2026-01-01T14:50:38+00:00,0,none,386.09,0.5145629302311373,0.39337793785249003,approve,49.6611
210,txn_00001782,2026-01-01T14:51:08+00:00,0,none,153.36,0.304075413086834,0.20004849224226118,approve,43.7672
211,txn_00001783,2026-01-01T14:51:38+00:00,0,none,106.33,0.19761842349924277,0.09522153425464289,approve,42.4697
212,txn_00001784,2026-01-01T14:52:00+00:00,0,none,223.87,0.27748195873591047,0.2490244052760699,approve,38.5883
213,txn_00001785,2026-01-01T14:52:35+00:00,0,none,68.31,0.2423238243696742,0.13186059287375218,approve,40.5651
214,txn_00001786,2026-01-01T14:53:09+00:00,0,none,172.4,0.3057782594185404,0.29568383881530413,approve,40.4601
215,txn_00001787,2026-01-01T14:53:32+00:00,0,none,52.67,0.2693641098266405,0.15101963159341392,approve,40.8185
216,txn_00001788,2026-01-01T14:54:00+00:00,0,none,200.79,0.2067233115029613,0.1267800566290394,approve,39.8002
217,txn_00001789,2026-01-01T14:54:30+00:00,0,none,54.05,0.28171006973973456,0.18275320157197214,approve,38.338
218,txn_00001790,2026-01-01T14:55:09+00:00,0,none,17.84,0.1902044453427399,0.10405226336558066,approve,37.4145
219,txn_00001791,2026-01-01T14:55:30+00:00,0,none,38.08,0.31521706202604766,0.23366779645355246,approve,39.35
220,txn_00001792,2026-01-01T14:56:08+00:00,0,none,31.66,0.3249616984360634,0.19870085219228195,approve,41.8039
221,txn_00001793,2026-01-01T14:56:36+00:00,0,none,13.21,0.25644439797216695,0.12320273684803133,approve,43.7044
222,txn_00001794,2026-01-01T14:57:06+00:00,0,none,33.71,0.39276929057963117,0.19948832677691178,approve,34.7763
223,txn_00001795,2026-01-01T14:57:38+00:00,0,none,113.55,0.39035514740036215,0.29418243126069565,approve,33.0827
224,txn_00001796,2026-01-01T14:58:01+00:00,0,none,100.09,0.17333665424752787,0.08802632540592814,approve,35.4024
225,txn_00001797,2026-01-01T14:58:31+00:00,0,none,59.37,0.24796011026665055,0.12425403939954528,approve,39.1545
226,txn_00001798,2026-01-01T14:59:02+00:00,0,none,7.68,0.4094915624411678,0.32472305499973503,approve,38.2956
227,txn_00001799,2026-01-01T14:59:38+00:00,0,none,54.74,0.19693330550984306,0.11336357873544436,approve,36.5789
228,txn_00002120,2026-01-01T15:00:01+00:00,1,high_velocity,100.26,0.3073189747459148,0.16036211253095634,approve,40.31
229,txn_00002195,2026-01-01T15:00:01.750000+00:00,1,transaction_burst,105.37,0.2829522453045889,0.2389688625977312,approve,38.4394
230,txn_00002121,2026-01-01T15:00:04+00:00,1,high_velocity,170.39,0.22635151966181707,0.12838466508411245,approve,36.0418
231,txn_00002196,2026-01-01T15:00:04.750000+00:00,1,transaction_burst,72.74,0.24776149784045204,0.11307263570487616,approve,37.2959
232,txn_00002122,2026-01-01T15:00:07+00:00,1,high_velocity,307.78,0.330195349144216,0.2878483532481213,approve,37.3149
233,txn_00002197,2026-01-01T15:00:07.750000+00:00,1,transaction_burst,181.52,0.4135377513599295,0.337193096222012,approve,39.5092
234,txn_00002024,2026-01-01T15:00:08+00:00,1,account_takeover,193.22,0.395199870727309,0.35677435856994166,approve,41.6688
235,txn_00002049,2026-01-01T15:00:08.250000+00:00,1,card_testing,2.57,0.9041465556697791,0.9315289820025895,decline,40.2756
236,txn_00002074,2026-01-01T15:00:08.500000+00:00,1,compromised_merchant,112.85,0.8576037666193058,0.8912504007328326,decline,44.0447
237,txn_00002099,2026-01-01T15:00:08.750000+00:00,1,coordinated_ring,135.83,0.908389121454931,0.9350784218351477,decline,37.0711
238,txn_00002149,2026-01-01T15:00:09.250000+00:00,1,impossible_travel,74.44,0.5720903964973798,0.4939634071074692,review,36.6464
239,txn_00002174,2026-01-01T15:00:09.500000+00:00,1,new_device,59.37,0.5538027661232756,0.6297768381168428,review,36.3673
240,txn_00001800,2026-01-01T15:00:10+00:00,0,none,181.31,0.3469166562476569,0.2828537435457354,approve,36.4383
241,txn_00002123,2026-01-01T15:00:10+00:00,1,high_velocity,62.28,0.3173066640454232,0.20715594015913508,approve,36.8863
242,txn_00002224,2026-01-01T15:00:10+00:00,1,unusual_merchant,3013.9,0.7916560261344402,0.8557975419632865,decline,34.8083
243,txn_00002198,2026-01-01T15:00:10.750000+00:00,1,transaction_burst,387.52,0.32850563906338165,0.24206786225544438,approve,39.0194
244,txn_00002124,2026-01-01T15:00:13+00:00,1,high_velocity,96.33,0.30037524570898866,0.20753064732086907,approve,40.4122
245,txn_00002199,2026-01-01T15:00:13.750000+00:00,1,transaction_burst,70.53,0.3183911006163852,0.20977506183674594,approve,39.3426
246,txn_00001801,2026-01-01T15:00:30+00:00,0,none,43.41,0.18641205023131122,0.08654791212534341,approve,37.4423
247,txn_00001802,2026-01-01T15:01:04+00:00,0,none,437.82,0.32936622621618183,0.25463271863496684,approve,35.9034
248,txn_00001803,2026-01-01T15:01:32+00:00,0,none,19.08,0.27478072762641587,0.12530776849509923,approve,42.8411
249,txn_00001804,2026-01-01T15:02:10+00:00,0,none,76.91,0.3424718888310433,0.24065120366442821,approve,42.2543
250,txn_00001805,2026-01-01T15:02:40+00:00,0,none,145.91,0.20016901123494305,0.11303664408354942,approve,36.3586
251,txn_00001806,2026-01-01T15:03:07+00:00,0,none,60.93,0.19295948833764737,0.12664929858794524,approve,40.9755
252,txn_00001807,2026-01-01T15:03:34+00:00,0,none,53.87,0.18899844848708947,0.10269505989383261,approve,41.2373
253,txn_00001808,2026-01-01T15:04:10+00:00,0,none,55.21,0.1966797856440584,0.12690602499872183,approve,37.6413
254,txn_00001809,2026-01-01T15:04:33+00:00,0,none,358.71,0.2716171448578617,0.1632590801876833,approve,36.9551
255,txn_00001810,2026-01-01T15:05:06+00:00,0,none,150.27,0.3379651723997552,0.3055541301363215,approve,38.7611
256,txn_00001811,2026-01-01T15:05:40+00:00,0,none,59.41,0.32422915249630174,0.2091792560086694,approve,37.2452
257,txn_00001812,2026-01-01T15:06:01+00:00,0,none,71.27,0.3909320841661627,0.2821915384827102,approve,36.2093
258,txn_00001813,2026-01-01T15:06:36+00:00,0,none,23.89,0.3030545959729609,0.18945184060073117,approve,36.7513
259,txn_00001814,2026-01-01T15:07:06+00:00,0,none,27.58,0.32296802648018813,0.1915117412147908,approve,36.7819
260,txn_00001815,2026-01-01T15:07:32+00:00,0,none,85.82,0.302649037062183,0.22228559505324935,approve,40.9461
261,txn_00001816,2026-01-01T15:08:04+00:00,0,none,133.83,0.25827910477275623,0.13566349440210596,approve,39.1958
262,txn_00001817,2026-01-01T15:08:35+00:00,0,none,71.68,0.20917255965194648,0.12523477902681107,approve,38.1842
263,txn_00001818,2026-01-01T15:09:04+00:00,0,none,18.16,0.4409178807085985,0.3148726172802191,approve,35.8073
264,txn_00001819,2026-01-01T15:09:38+00:00,0,none,56.86,0.24614664149027798,0.13472237390798691,approve,35.6627
265,txn_00001820,2026-01-01T15:10:04+00:00,0,none,38.53,0.2635233022931041,0.1739377100658748,approve,36.8621
266,txn_00001821,2026-01-01T15:10:40+00:00,0,none,414.03,0.30010572620337,0.16435659878825154,approve,38.2452
267,txn_00001822,2026-01-01T15:11:10+00:00,0,none,67.62,0.35353258392108006,0.1742406511557087,approve,38.0963
268,txn_00001823,2026-01-01T15:11:39+00:00,0,none,34.6,0.31596015499716656,0.3434995343786452,approve,37.2224
269,txn_00001824,2026-01-01T15:12:10+00:00,0,none,54.84,0.5443912832777613,0.4264686240085652,approve,39.2338
270,txn_00001825,2026-01-01T15:12:32+00:00,0,none,214.7,0.21529320756109402,0.12095465536924546,approve,36.8769
271,txn_00001826,2026-01-01T15:13:04+00:00,0,none,56.44,0.18337598236752234,0.09142370416527848,approve,35.8721
272,txn_00001827,2026-01-01T15:13:30+00:00,0,none,38.58,0.17430899896774435,0.0930267892633243,approve,37.9813
273,txn_00001828,2026-01-01T15:14:10+00:00,0,none,63.76,0.25411298286888573,0.14373428071856229,approve,37.724
274,txn_00001829,2026-01-01T15:14:37+00:00,0,none,50.64,0.29258838151703304,0.15637009967570226,approve,37.0093
275,txn_00001830,2026-01-01T15:15:06+00:00,0,none,109.1,0.1682629414063135,0.08576635031889661,approve,37.0869
276,txn_00001831,2026-01-01T15:15:33+00:00,0,none,19.65,0.26906470527492093,0.11856167763863165,approve,36.5407
277,txn_00001832,2026-01-01T15:16:04+00:00,0,none,199.09,0.30630217253584757,0.27633558152990323,approve,37.9273
278,txn_00001833,2026-01-01T15:16:34+00:00,0,none,46.01,0.20993325717505992,0.107723712317746,approve,38.2898
279,txn_00001834,2026-01-01T15:17:06+00:00,0,none,190.38,0.23268037925110224,0.13592484236948185,approve,36.1237
280,txn_00001835,2026-01-01T15:17:39+00:00,0,none,185.59,0.23154720895706798,0.1672588157527593,approve,41.3172
281,txn_00001836,2026-01-01T15:18:08+00:00,0,none,98.2,0.31020415280576275,0.20508149797190225,approve,39.2963
282,txn_00001837,2026-01-01T15:18:32+00:00,0,none,38.42,0.2639969735415557,0.17135640160342938,approve,41.3129
283,txn_00001838,2026-01-01T15:19:01+00:00,0,none,66.09,0.24060379384394057,0.11641324050706757,approve,40.6802
284,txn_00001839,2026-01-01T15:19:38+00:00,0,none,42.59,0.2623471008784179,0.13610886402177994,approve,38.6989
285,txn_00001840,2026-01-01T15:20:07+00:00,0,none,167.62,0.25282100008828456,0.18723608507512762,approve,40.3672
286,txn_00001841,2026-01-01T15:20:37+00:00,0,none,45.16,0.3506790484112716,0.24537606765549325,approve,37.5021
287,txn_00001842,2026-01-01T15:21:01+00:00,0,none,119.51,0.2030768457764341,0.10777592658739908,approve,37.5467
288,txn_00001843,2026-01-01T15:21:32+00:00,0,none,171.4,0.3798803513460281,0.32747804140596165,approve,37.8037
289,txn_00001844,2026-01-01T15:22:08+00:00,0,none,43.74,0.2793583139836655,0.14978940996057366,approve,38.1556
290,txn_00001845,2026-01-01T15:22:36+00:00,0,none,29.44,0.3186912474811477,0.18919530803293919,approve,39.1327
291,txn_00001846,2026-01-01T15:23:04+00:00,0,none,64.73,0.2596129855169041,0.17028502943828425,approve,36.8219
292,txn_00001847,2026-01-01T15:23:39+00:00,0,none,168.16,0.2801908393196036,0.15618640787534277,approve,36.1997
293,txn_00001848,2026-01-01T15:24:01+00:00,0,none,74.69,0.2642425818815022,0.12688019096604589,approve,36.0569
294,txn_00001849,2026-01-01T15:24:30+00:00,0,none,144.77,0.21290063326524145,0.12106801089882405,approve,36.3088
295,txn_00001850,2026-01-01T15:25:03+00:00,0,none,168.42,0.34640457873736363,0.21296713811383144,approve,40.2753
296,txn_00001851,2026-01-01T15:25:39+00:00,0,none,251.8,0.18878013553224623,0.1254831463281305,approve,41.4529
297,txn_00001852,2026-01-01T15:26:01+00:00,0,none,22.8,0.28601296330245896,0.17643971132537423,approve,38.6834
298,txn_00001853,2026-01-01T15:26:32+00:00,0,none,47.43,0.273361698186232,0.15202658771285107,approve,38.8863
299,txn_00001854,2026-01-01T15:27:09+00:00,0,none,61.25,0.33705391640451704,0.24605268694388086,approve,38.491
300,txn_00001855,2026-01-01T15:27:31+00:00,0,none,37.2,0.210588447315586,0.1097959327104236,approve,38.6742
301,txn_00001856,2026-01-01T15:28:04+00:00,0,none,153.02,0.43571734725011646,0.3792975417266815,approve,38.8667
302,txn_00001857,2026-01-01T15:28:39+00:00,0,none,56.79,0.4430536467769102,0.3331736936784641,approve,39.0429
303,txn_00001858,2026-01-01T15:29:04+00:00,0,none,48.24,0.2773989973999168,0.16126041484700093,approve,42.3224
304,txn_00001859,2026-01-01T15:29:35+00:00,0,none,26.74,0.336461501352714,0.2821135433808822,approve,40.3951
305,txn_00001860,2026-01-01T15:30:02+00:00,0,none,98.36,0.2600335948715693,0.17239287790930352,approve,36.9388
306,txn_00001861,2026-01-01T15:30:40+00:00,0,none,83.38,0.1831692350671998,0.10971578349501282,approve,39.8012
307,txn_00001862,2026-01-01T15:31:01+00:00,0,none,189.43,0.22448556014060217,0.1112638351476621,approve,40.0103
308,txn_00001863,2026-01-01T15:31:34+00:00,0,none,44.36,0.5207774488732613,0.3229375476109428,approve,38.6698
309,txn_00001864,2026-01-01T15:32:03+00:00,0,none,27.82,0.3474921243306844,0.213761222719494,approve,36.5923
310,txn_00001865,2026-01-01T15:32:39+00:00,0,none,127.62,0.2651076925565466,0.15558567440837148,approve,37.8415
311,txn_00001866,2026-01-01T15:33:07+00:00,0,none,236.26,0.27810831862492597,0.17650081956137204,approve,39.4554
312,txn_00001867,2026-01-01T15:33:36+00:00,0,none,19.48,0.4316105713524421,0.3920076700330122,approve,38.5291
313,txn_00001868,2026-01-01T15:34:02+00:00,0,none,30.79,0.2956264415200332,0.1514386915126594,approve,38.6111
314,txn_00001869,2026-01-01T15:34:37+00:00,0,none,100.24,0.2174241449503531,0.11629760361780211,approve,42.5681
315,txn_00001870,2026-01-01T15:35:09+00:00,0,none,85.87,0.31623062844624655,0.2371316135802733,approve,36.6054
316,txn_00001871,2026-01-01T15:35:32+00:00,0,none,70.29,0.29464010877208685,0.21937548888304995,approve,37.9733
317,txn_00001872,2026-01-01T15:36:05+00:00,0,none,194.73,0.3843310525219545,0.43905835627306417,approve,35.4246
318,txn_00001873,2026-01-01T15:36:39+00:00,0,none,124.36,0.3723465170364962,0.37133586226651805,approve,38.0092
319,txn_00001874,2026-01-01T15:37:03+00:00,0,none,163.11,0.32628140719503607,0.19647749709621812,approve,38.4302
320,txn_00001875,2026-01-01T15:37:40+00:00,0,none,138.04,0.18507617979353658,0.10236187921623457,approve,39.8829
321,txn_00001876,2026-01-01T15:38:06+00:00,0,none,146.71,0.2951813843985002,0.23698929370978827,approve,36.4559
322,txn_00001877,2026-01-01T15:38:31+00:00,0,none,189.02,0.21942144636847483,0.11873466045941962,approve,39.8334
323,txn_00001878,2026-01-01T15:39:09+00:00,0,none,29.37,0.24956309922272993,0.1321931832242595,approve,41.5542
324,txn_00001879,2026-01-01T15:39:40+00:00,0,none,81.07,0.22168065013150762,0.13333060023156107,approve,43.6302
325,txn_00001880,2026-01-01T15:40:06+00:00,0,none,96.81,0.3791762364580068,0.2666350698764689,approve,41.8997
326,txn_00001881,2026-01-01T15:40:33+00:00,0,none,30.4,0.22147498125466675,0.1297897942199654,approve,38.7844
327,txn_00001882,2026-01-01T15:41:10+00:00,0,none,182.17,0.2830532092689728,0.17879911893804967,approve,37.2741
328,txn_00001883,2026-01-01T15:41:37+00:00,0,none,38.88,0.3385442120500494,0.28089053653509266,approve,42.3579
329,txn_00001884,2026-01-01T15:42:09+00:00,0,none,101.69,0.3523077556322721,0.3006845009842982,approve,39.3748
330,txn_00001885,2026-01-01T15:42:32+00:00,0,none,227.95,0.41455284534504433,0.3488049807644306,approve,41.0894
331,txn_00001886,2026-01-01T15:43:00+00:00,0,none,159.86,0.3629216862788509,0.2445255118754514,approve,41.5576
332,txn_00001887,2026-01-01T15:43:40+00:00,0,none,75.87,0.24643691620270267,0.12607870765723322,approve,40.3835
333,txn_00001888,2026-01-01T15:44:03+00:00,0,none,122.25,0.3199793761603788,0.2976458106485735,approve,41.6137
334,txn_00001889,2026-01-01T15:44:31+00:00,0,none,100.81,0.29865889801434786,0.17094988052662646,approve,35.9083
335,txn_00001890,2026-01-01T15:45:02+00:00,0,none,96.04,0.3271431305199591,0.25222819861163814,approve,38.0123
336,txn_00001891,2026-01-01T15:45:40+00:00,0,none,48.59,0.3392867752844741,0.23640818507357897,approve,39.5281
337,txn_00001892,2026-01-01T15:46:06+00:00,0,none,19.34,0.2654016354687039,0.1338207577433955,approve,38.313
338,txn_00001893,2026-01-01T15:46:37+00:00,0,none,100.08,0.31670872809540623,0.33192849737006974,approve,39.8014
339,txn_00001894,2026-01-01T15:47:02+00:00,0,none,162.19,0.31054517526661113,0.3752965054541841,approve,37.5281
340,txn_00001895,2026-01-01T15:47:30+00:00,0,none,67.6,0.2948900631138723,0.16672961955789406,approve,37.4503
341,txn_00001896,2026-01-01T15:48:05+00:00,0,none,82.39,0.27200252266353114,0.19438431445263893,approve,38.2347
342,txn_00001897,2026-01-01T15:48:37+00:00,0,none,89.99,0.214499578163507,0.11001038752602571,approve,41.49
343,txn_00001898,2026-01-01T15:49:06+00:00,0,none,85.33,0.6391283692001299,0.6049952361068531,decline,35.9431
344,txn_00001899,2026-01-01T15:49:32+00:00,0,none,111.95,0.3805217578066531,0.3590299577705306,approve,38.1999
345,txn_00001900,2026-01-01T15:50:10+00:00,0,none,88.88,0.29612462485265467,0.1821446538561027,approve,39.9466
346,txn_00001901,2026-01-01T15:50:30+00:00,0,none,52.8,0.3045628314517297,0.2641818122768141,approve,38.7851
347,txn_00001902,2026-01-01T15:51:04+00:00,0,none,64.49,0.22537801337123659,0.13851729739284807,approve,36.9091
348,txn_00001903,2026-01-01T15:51:31+00:00,0,none,161.36,0.546126168763467,0.6276670660421775,approve,38.0091
349,txn_00001904,2026-01-01T15:52:05+00:00,0,none,338.77,0.35390211681863043,0.2953507762091536,approve,38.3159
350,txn_00001905,2026-01-01T15:52:34+00:00,0,none,519.59,0.5246936433166622,0.3378734452319808,approve,36.3647
351,txn_00001906,2026-01-01T15:53:04+00:00,0,none,29.75,0.589799767457756,0.48921590084313843,review,37.4404
352,txn_00001907,2026-01-01T15:53:40+00:00,0,none,58.21,0.19059846752560977,0.09773046067771463,approve,36.8898
353,txn_00001908,2026-01-01T15:54:00+00:00,0,none,335.28,0.36168076761960954,0.2818050987709886,approve,39.127
354,txn_00001909,2026-01-01T15:54:35+00:00,0,none,69.01,0.26519397058686767,0.20351942145675248,approve,42.0466
355,txn_00001910,2026-01-01T15:55:00+00:00,0,none,97.55,0.2427733126252954,0.15101002728228416,approve,39.6522
356,txn_00001911,2026-01-01T15:55:32+00:00,0,none,51.76,0.28030112627100545,0.1694999447999769,approve,38.0439
357,txn_00001912,2026-01-01T15:56:06+00:00,0,none,108.32,0.42845116942187705,0.42356587204114826,approve,50.3889
358,txn_00001913,2026-01-01T15:56:35+00:00,0,none,135.56,0.3579800146867201,0.30891459281405403,approve,38.9927
359,txn_00001914,2026-01-01T15:57:08+00:00,0,none,81.2,0.3117228821120879,0.255477547032786,approve,38.2192
360,txn_00001915,2026-01-01T15:57:36+00:00,0,none,494.28,0.31184006941733916,0.12210573609143063,approve,37.5494
361,txn_00001916,2026-01-01T15:58:08+00:00,0,none,102.82,0.3187794103957828,0.21886725009616934,approve,38.4968
362,txn_00001917,2026-01-01T15:58:30+00:00,0,none,420.97,0.22340309786848842,0.10382184449550944,approve,38.8925
363,txn_00001918,2026-01-01T15:59:08+00:00,0,none,24.32,0.26483659151843564,0.13014465385943208,approve,41.6862
364,txn_00001919,2026-01-01T15:59:32+00:00,0,none,21.68,0.2717000574324858,0.15747825069428853,approve,37.9889
365,txn_00001920,2026-01-01T16:00:06+00:00,0,none,594.47,0.42681099960979324,0.20148303325271993,approve,38.3985
366,txn_00001921,2026-01-01T16:00:31+00:00,0,none,130.64,0.30353893783160657,0.21595035587362774,approve,39.5038
367,txn_00001922,2026-01-01T16:01:03+00:00,0,none,64.77,0.2640672348457979,0.1370430841718381,approve,38.2407
368,txn_00001923,2026-01-01T16:01:33+00:00,0,none,75.29,0.2475901729142919,0.14348556335754287,approve,39.7562
369,txn_00001924,2026-01-01T16:02:01+00:00,0,none,40.37,0.30188802247814117,0.24670115247657362,approve,38.7774
370,txn_00001925,2026-01-01T16:02:37+00:00,0,none,324.99,0.3660524653618984,0.2603519528595893,approve,37.574
371,txn_00001926,2026-01-01T16:03:08+00:00,0,none,121.12,0.23710611742037419,0.15921373742712408,approve,41.3567
372,txn_00001927,2026-01-01T16:03:40+00:00,0,none,42.21,0.30083180877100846,0.20168351170870996,approve,39.3658
373,txn_00001928,2026-01-01T16:04:10+00:00,0,none,30.15,0.31058490110154496,0.1836577363909287,approve,39.0001
374,txn_00001929,2026-01-01T16:04:31+00:00,0,none,52.24,0.20174618910109973,0.10556188581282917,approve,37.9947
375,txn_00001930,2026-01-01T16:05:02+00:00,0,none,53.1,0.26530614190520074,0.14715336109296112,approve,32.5769
376,txn_00001931,2026-01-01T16:05:37+00:00,0,none,195.63,0.3492321403832553,0.32805467501954655,approve,33.8953
377,txn_00001932,2026-01-01T16:06:04+00:00,0,none,50.57,0.3404549749176936,0.17734057003167514,approve,36.8768
378,txn_00001933,2026-01-01T16:06:35+00:00,0,none,235.99,0.3939108337138995,0.3495182615590659,approve,37.286
379,txn_00001934,2026-01-01T16:07:04+00:00,0,none,53.97,0.2059414400438001,0.10854925711211068,approve,36.8566
380,txn_00001935,2026-01-01T16:07:37+00:00,0,none,73.5,0.23195545987078614,0.13898337976118785,approve,38.0911
381,txn_00001936,2026-01-01T16:08:07+00:00,0,none,1108.67,0.536857334228337,0.371652792342288,approve,35.8257
382,txn_00001937,2026-01-01T16:08:39+00:00,0,none,99.49,0.39010973278056604,0.28490093982732845,approve,34.6593
383,txn_00001938,2026-01-01T16:09:00+00:00,0,none,22.52,0.25595794473727324,0.12481863190176946,approve,33.6464
384,txn_00001939,2026-01-01T16:09:39+00:00,0,none,196.64,0.29033756797813987,0.17156424378377555,approve,33.553
385,txn_00001940,2026-01-01T16:10:07+00:00,0,none,62.89,0.3150983408894645,0.19867921446814518,approve,35.026
386,txn_00001941,2026-01-01T16:10:38+00:00,0,none,297.69,0.3356124813002495,0.25906384450364056,approve,33.7772
387,txn_00001942,2026-01-01T16:11:00+00:00,0,none,212.25,0.3785820274490228,0.2809358646840882,approve,33.5106
388,txn_00001943,2026-01-01T16:11:33+00:00,0,none,107.98,0.2643531120444843,0.19968287859734193,approve,35.2731
389,txn_00001944,2026-01-01T16:12:08+00:00,0,none,95.13,0.3663879511771381,0.21056397842478308,approve,32.7435
390,txn_00001945,2026-01-01T16:12:33+00:00,0,none,20.14,0.25098311441280025,0.13737983699934248,approve,34.5172
391,txn_00001946,2026-01-01T16:13:00+00:00,0,none,13.46,0.24155039963201544,0.12231362887626807,approve,33.6068
392,txn_00001947,2026-01-01T16:13:31+00:00,0,none,191.95,0.4621942543073329,0.4719187545359433,approve,32.9637
393,txn_00001948,2026-01-01T16:14:05+00:00,0,none,49.37,0.23903637196011007,0.13716837765252704,approve,35.1267
394,txn_00001949,2026-01-01T16:14:30+00:00,0,none,142.8,0.29146755385431256,0.25224555366820217,approve,34.8674
395,txn_00001950,2026-01-01T16:15:00+00:00,0,none,37.0,0.18819796737601166,0.09661883644797752,approve,33.863
396,txn_00001951,2026-01-01T16:15:32+00:00,0,none,137.25,0.1716431245801464,0.10122899284652329,approve,31.5331
397,txn_00001952,2026-01-01T16:16:08+00:00,0,none,70.71,0.37669231720840757,0.44324684718324675,approve,37.0164
398,txn_00001953,2026-01-01T16:16:40+00:00,0,none,326.11,0.3313388495578949,0.31372692063913954,approve,36.5796
399,txn_00001954,2026-01-01T16:17:09+00:00,0,none,144.42,0.40983834068851255,0.29469912700935397,approve,34.3919
400,txn_00001955,2026-01-01T16:17:38+00:00,0,none,32.13,0.5614500562693865,0.36793233669632813,review,35.1674
401,txn_00001956,2026-01-01T16:18:08+00:00,0,none,211.9,0.27919923823810755,0.19066944381482046,approve,33.2489
402,txn_00001957,2026-01-01T16:18:39+00:00,0,none,70.56,0.2616899951925082,0.16347325952793887,approve,35.395
403,txn_00001958,2026-01-01T16:19:00+00:00,0,none,116.74,0.2585931868344264,0.15617614856688394,approve,35.5207
404,txn_00001959,2026-01-01T16:19:36+00:00,0,none,72.25,0.3794150823304173,0.3266002575286861,approve,33.891
405,txn_00001960,2026-01-01T16:20:07+00:00,0,none,72.96,0.2924912719232419,0.211237611440362,approve,34.2556
406,txn_00001961,2026-01-01T16:20:32+00:00,0,none,39.99,0.20902489132124263,0.12979315282383713,approve,35.0333
407,txn_00001962,2026-01-01T16:21:01+00:00,0,none,252.31,0.35052876453556625,0.22431006641076812,approve,32.6421
408,txn_00001963,2026-01-01T16:21:30+00:00,0,none,30.45,0.3662258518532004,0.24802135894855692,approve,35.2268
409,txn_00001964,2026-01-01T16:22:03+00:00,0,none,63.65,0.35188556005481775,0.22500334461000598,approve,35.8005
410,txn_00001965,2026-01-01T16:22:37+00:00,0,none,122.32,0.20725507964201834,0.1120324568886533,approve,34.3355
411,txn_00001966,2026-01-01T16:23:03+00:00,0,none,241.21,0.3372853129587231,0.28753896550210484,approve,32.8995
412,txn_00001967,2026-01-01T16:23:40+00:00,0,none,62.95,0.33808068885148895,0.20592127050666179,approve,35.82
413,txn_00001968,2026-01-01T16:24:02+00:00,0,none,103.1,0.3105530706116217,0.22629119855628102,approve,33.6964
414,txn_00001969,2026-01-01T16:24:38+00:00,0,none,33.07,0.3035953658289136,0.21751683302977606,approve,35.2136
415,txn_00001970,2026-01-01T16:25:07+00:00,0,none,162.17,0.2803820165621851,0.2329104134414155,approve,34.4618
416,txn_00001971,2026-01-01T16:25:38+00:00,0,none,160.98,0.2789127220309608,0.2807988094961693,approve,36.4428
417,txn_00001972,2026-01-01T16:26:05+00:00,0,none,68.02,0.1868216642883664,0.10104520836249409,approve,34.3196
418,txn_00001973,2026-01-01T16:26:34+00:00,0,none,824.71,0.46453020593463107,0.26946127953425053,approve,34.0382
419,txn_00001974,2026-01-01T16:27:00+00:00,0,none,139.23,0.25982907386273063,0.1598528286481218,approve,36.3826
420,txn_00001975,2026-01-01T16:27:37+00:00,0,none,129.36,0.41080244791542797,0.37542403751110925,approve,36.3107
421,txn_00001976,2026-01-01T16:28:08+00:00,0,none,326.93,0.3474488200449529,0.2453225939624218,approve,32.8899
422,txn_00001977,2026-01-01T16:28:32+00:00,0,none,114.1,0.22772027977490228,0.13800692850330856,approve,35.1338
423,txn_00001978,2026-01-01T16:29:03+00:00,0,none,32.93,0.3636936667483242,0.30288580274547894,approve,32.7005
424,txn_00001979,2026-01-01T16:29:40+00:00,0,none,29.33,0.3987425974633805,0.2715662291540307,approve,32.3082
425,txn_00001980,2026-01-01T16:30:09+00:00,0,none,94.32,0.2559215543043677,0.1956831969849609,approve,36.0377
426,txn_00001981,2026-01-01T16:30:35+00:00,0,none,63.71,0.27603409607645535,0.15461160461516138,approve,34.4917
427,txn_00001982,2026-01-01T16:31:10+00:00,0,none,82.14,0.2657434712894739,0.168169834470957,approve,35.3747
428,txn_00001983,2026-01-01T16:31:39+00:00,0,none,161.04,0.3152174189485303,0.2638380494687713,approve,34.1884
429,txn_00001984,2026-01-01T16:32:00+00:00,0,none,244.41,0.3867225374202256,0.32232719000987264,approve,36.0808
430,txn_00001985,2026-01-01T16:32:37+00:00,0,none,165.76,0.2598295417184645,0.1866580013293645,approve,34.8112
431,txn_00001986,2026-01-01T16:33:00+00:00,0,none,34.82,0.39108901801071577,0.2731301676889542,approve,38.3681
432,txn_00001987,2026-01-01T16:33:35+00:00,0,none,328.57,0.3571382791154359,0.22742281628101,approve,35.6637
433,txn_00001988,2026-01-01T16:34:03+00:00,0,none,204.4,0.26345903438492024,0.21636029873534068,approve,34.0181
434,txn_00001989,2026-01-01T16:34:39+00:00,0,none,211.11,0.3406174899076886,0.2776472458061915,approve,34.2169
435,txn_00001990,2026-01-01T16:35:10+00:00,0,none,230.65,0.2868596717395948,0.16150317372145845,approve,33.5146
436,txn_00001991,2026-01-01T16:35:38+00:00,0,none,108.49,0.27399885089831266,0.15939276702122498,approve,34.252
437,txn_00001992,2026-01-01T16:36:10+00:00,0,none,33.93,0.35956657684368054,0.2949750087222627,approve,36.584
438,txn_00001993,2026-01-01T16:36:37+00:00,0,none,33.85,0.16406960411645086,0.09359508168989344,approve,32.6069
439,txn_00001994,2026-01-01T16:37:09+00:00,0,none,87.89,0.3384344489094426,0.2583834607042869,approve,38.1069
440,txn_00001995,2026-01-01T16:37:36+00:00,0,none,39.72,0.2698869347493356,0.17274867302856478,approve,39.8915
441,txn_00001996,2026-01-01T16:38:00+00:00,0,none,84.19,0.4059079241665772,0.350488802916205,approve,35.7055
442,txn_00001997,2026-01-01T16:38:35+00:00,0,none,17.2,0.2515467048113457,0.13721345845056693,approve,36.3062
443,txn_00001998,2026-01-01T16:39:06+00:00,0,none,180.52,0.32297998589469856,0.2857139444346738,approve,35.7945
444,txn_00001999,2026-01-01T16:39:34+00:00,0,none,136.31,0.3884620746481577,0.3699331523268465,approve,35.9397
